object_id,area,elev_mean,clay_0_30cm_mean,sand_0_30cm_mean,silt_0_30cm_mean,artificial_surfaces_perc,agricultural_areas_perc,forests_and_seminatural_areas_perc,wetlands_perc,water_bodies_perc,p_mean,p_seasonality,frac_snow,high_prec_freq,low_prec_freq,high_prec_dur,low_prec_dur
DE110000,763.07,822.25,28.89,24.79,41.18,7.84,44.25,47.51,0.24,0.17,2.97,0.01,0.12,15.23,202.67,1.19,3.71
DE110010,831.29,820.25,28.99,25.03,41.03,7.82,42.92,48.89,0.22,0.15,2.87,0.05,0.12,13.3,178.97,1.19,3.72
DE110020,2618.6,774.9,28.64,22.78,43.63,7.21,44.28,48.2,0.11,0.2,2.54,0.19,0.1,15.22,212.8,1.18,3.74
DE110030,4093.96,729.47,27.88,23.04,44.52,6.26,50.69,42.49,0.31,0.25,2.45,0.25,0.09,15.23,213.89,1.17,3.74
DE110040,272.81,628.93,23.04,32.7,41.7,3.38,57.5,39.12,0,0,2.61,0.4,0.07,17.16,223.92,1.18,3.75
DE110060,308.99,733.07,23.88,33.61,38.97,4.67,57.23,33.49,4.29,0.33,3.45,0.28,0.1,16.26,209.92,1.17,3.74
DE110080,313.81,595.99,30.12,19.04,47.46,4.51,59.58,35.91,0,0,2.29,0.2,0.08,17.74,230.81,1.17,3.77
DE110090,155.99,775.18,33.18,13.44,48.46,7.18,60.97,31.85,0,0,2.57,0.23,0.11,16.23,215.27,1.17,3.77
DE110100,1311.26,817.66,28.98,23.9,42.05,7.88,41.17,50.67,0.19,0.1,2.75,0.08,0.11,15.77,212.88,1.17,3.76
DE110120,94.54,644.64,23.94,31.21,41.36,3.68,73.05,23.27,0,0,2.63,0.4,0.06,17.07,225.83,1.17,3.77
DE110130,131.66,677.49,24.8,33.7,39.79,2.03,62.84,35.13,0,0,2.84,0.36,0.08,17.75,223.38,1.17,3.77
DE110140,83.59,780.36,29.51,22.46,42.71,8.84,42.82,47.57,0.78,0,2.41,0.26,0.1,18,226.92,1.17,3.78
DE110150,868.84,819.3,29.06,25.14,40.92,7.76,42.28,49.6,0.21,0.15,2.92,0,0.11,15.44,207.51,1.17,3.77
DE110160,90.88,788.48,34.1,12.58,49.53,6.12,64.71,29.17,0,0,2.67,0.2,0.11,15.87,208.75,1.17,3.77
DE110170,59.36,344.23,33.14,14.72,50.45,2.73,68.29,28.98,0,0,1.92,0.07,0.05,18.5,245.09,1.17,3.81
DE110180,108.53,339.53,32.81,16.25,49.21,2.38,57.34,40.28,0,0,1.99,0.05,0.05,18.22,243.11,1.17,3.84
DE110190,284.73,431.77,31.89,20.06,45.02,3.53,78.22,18.25,0,0,1.98,0.1,0.06,17.53,239.28,1.17,3.86
DE110200,1023.82,381.7,30.93,17.78,48.13,3.63,76.09,20.28,0,0,1.95,0.09,0.05,17.07,238.42,1.17,3.88
DE110210,104.65,375.83,32.3,15.7,48.59,5.1,61.38,33.52,0,0,2.01,0.02,0.05,18.03,241.06,1.17,3.89
DE110220,29.39,669.58,23.69,33.7,41.73,1.05,79.85,19.07,0.03,0,4.2,0.22,0.08,17.71,211.07,1.17,3.88
DE110250,47.08,993.66,21.38,44.07,34.52,0.08,49.53,50.39,0,0,3.65,-0.06,0.17,16.04,208.83,1.17,3.87
DE110260,50.01,868.04,26.29,32.94,39.66,1.68,15.95,82.37,0,0,3.12,-0.08,0.12,18.55,220.81,1.18,3.87
DE110270,97.31,1031.38,19.3,42.42,37.7,2.23,22.73,75.04,0,0,4.76,-0.21,0.18,16.7,197.33,1.18,3.87
DE110280,24.22,589.75,31.33,23.43,39.92,5.91,42.29,51.8,0,0,3.7,-0.04,0.07,17.78,216.48,1.18,3.86
DE110290,46.03,509.71,29.25,27.55,39.43,4.49,26.31,69.19,0,0,3.24,0.16,0.05,17.06,216.82,1.18,3.86
DE110300,66.26,800.24,26.76,34.15,38.67,2.06,29.7,68.24,0,0,4.01,0.05,0.1,16.35,208.13,1.18,3.85
DE110310,957.44,604.81,26.6,29.93,41.01,3.65,22.63,73.66,0,0.06,3.73,-0.05,0.07,15.15,205.18,1.18,3.84
DE110320,126.79,655.69,25.14,34.94,39.33,0.78,8.69,90.52,0,0,4.34,-0.11,0.09,15.88,203.58,1.18,3.84
DE110330,145.48,793.3,25.49,33.16,40.05,3.18,25.95,70.86,0,0,4.16,-0.11,0.11,15.41,190.74,1.18,3.83
DE110340,53,642.06,25.98,33.03,39.91,2.9,19.61,77.49,0,0,4.92,-0.06,0.08,15.94,201.01,1.18,3.83
DE110350,458.75,707.45,30.17,16.31,44.44,13.11,51.72,35.04,0.13,0,2.45,0.15,0.09,16.83,222.46,1.18,3.83
DE110360,698.25,691.09,32.3,15.09,44.81,11.33,51.26,37.32,0.08,0,2.46,0.15,0.09,16.19,219.13,1.18,3.83
DE110370,1123.61,659.16,31.79,16.24,44.68,10.61,52.37,36.97,0.05,0,2.62,0.06,0.09,16.04,217.6,1.18,3.83
DE110380,135.02,690.33,25.31,34.81,38.01,2.82,20.68,76.1,0,0.39,3.52,-0.19,0.09,16.87,213.98,1.18,3.83
DE110390,133.15,459.64,28.11,14.83,43.83,15.67,73.71,10.62,0,0,2.03,0.24,0.06,18.35,238.69,1.18,3.84
DE110400,2334.24,595.39,30.16,16.94,44.63,11.11,51.29,37.55,0.02,0.03,2.43,0.17,0.07,15.37,218.56,1.18,3.84
DE110410,159.42,640.56,30.64,16.25,45.03,9.99,37.56,52.45,0,0,2.6,0.29,0.08,17.04,223.29,1.18,3.84
DE110420,416.7,430.8,30.72,19.63,38.03,13.56,43.26,43.18,0,0,2.69,0.12,0.06,15.26,203.86,1.18,3.84
DE110430,504.68,365.98,28.48,22.38,41.09,9.13,47.22,43.65,0,0,2.56,0.09,0.04,17.62,225.6,1.18,3.84
DE110440,180.34,436.25,29.34,25.8,42.25,3.46,30.52,66.02,0,0,2.83,0.05,0.06,16.72,212.36,1.18,3.84
DE110450,109.11,257.34,26.77,15.43,47.02,11.49,69.09,19.42,0,0,2.07,0.11,0.04,17.87,229.35,1.18,3.85
DE110460,100.23,434.92,27.96,25.37,46.61,0,15.81,84.18,0,0,2.65,-0.08,0.06,18.28,222.37,1.18,3.85
DE110470,257.79,228.1,26.21,14.49,49.47,10.77,69.12,20.1,0,0,2.19,0.06,0.03,17.02,218.36,1.18,3.86
DE110480,197.11,246.83,24.89,17.23,50.42,8.82,61.46,29.72,0,0,2.48,-0.03,0.04,17.43,219.77,1.18,3.87
DE110490,335.1,631.28,29.98,15.47,45.45,11.46,46.71,41.82,0,0,2.38,0.24,0.07,17.15,227.19,1.18,3.87
DE110500,68.14,564.14,32.62,17.47,43.57,9.29,55.03,35.68,0,0,2.97,0.18,0.08,17.25,221.73,1.18,3.87
DE110510,83.61,802.45,23.29,39.5,37.21,1.16,3.29,95.55,0,0,3.91,-0.12,0.13,16.35,206.19,1.18,3.86
DE110520,221.2,725.44,24.23,36.71,38.17,3.01,4.1,92.73,0.16,0,3.54,-0.1,0.11,16.25,208.81,1.18,3.86
DE110530,248.95,491.59,32.36,21.1,42.07,5.73,60.43,33.85,0,0,2.72,0.05,0.07,17.38,221.84,1.19,3.86
DE110540,151.67,347.73,28.2,20.37,42.79,10.24,55.97,33.79,0,0,2.4,0.08,0.05,17.68,230.65,1.19,3.87
DE110550,1025.06,458.58,33.17,17.47,45.34,5.02,63.96,30.96,0,0.06,2.28,0.08,0.07,16.58,223.28,1.19,3.87
DE110560,213.45,341.77,32.52,15.39,48.76,5.57,65.37,29.06,0,0,2.19,-0.02,0.05,17.59,226.02,1.19,3.88
DE110570,585.8,603.09,29.68,22.13,43.16,7.86,36.65,55.4,0,0.09,2.71,-0.03,0.08,16.57,219.28,1.19,3.88
DE110600,100.11,584.35,22.03,29.48,43.84,5.07,67.35,25.9,0.95,0.72,2.38,0.43,0.06,18.02,232.83,1.19,3.88
DE110610,29.78,909.46,25.11,28.42,45.42,2.25,35.85,61.9,0,0,3.94,-0.19,0.14,13.17,163.05,1.19,3.88
DE110620,151.84,685.4,24.05,33.85,38.53,3.59,66.21,22.12,7.41,0.67,3.04,0.32,0.08,17.35,220.32,1.19,3.88
DE110640,146.57,820.52,28.67,17.32,44.5,13.35,32.56,54.09,0,0,2.49,0.22,0.1,17.16,223.53,1.19,3.87
DE110650,99.26,631.87,31.1,16.62,49.01,4.85,58.65,36.5,0,0,2.35,0.19,0.09,18.07,231.32,1.19,3.88
DE110660,437.71,764.79,31.26,16.86,47.97,5.33,48.42,46.26,0,0,2.45,0.24,0.1,16.41,220.29,1.18,3.87
DE110670,309.04,597.35,30.18,18.95,47.52,4.46,59.57,35.97,0,0,2.29,0.19,0.08,17.63,230.89,1.18,3.88
DE110680,164.95,976.52,23.05,37.97,38.22,2.65,25.58,71.77,0,0,4.14,-0.17,0.15,16.72,204.73,1.18,3.87
DE110690,181.99,816.73,26.93,20.62,42.61,13.09,36.8,50.11,0,0,3.14,-0.08,0.11,16.76,217.32,1.19,3.87
DE110700,391.95,592.46,21.77,29.7,42.31,8.3,67.95,23.74,0,0,2.4,0.44,0.06,17.97,231.11,1.18,3.87
DE110710,126.2,600.19,21.5,28.78,41.05,12.06,65.98,21.96,0,0,2.45,0.43,0.05,17.66,230.64,1.18,3.87
DE110730,221.56,677.13,26.87,27.08,43.47,3.65,58.42,37.66,0,0.28,2.26,0.32,0.06,18.3,233.17,1.18,3.87
DE110750,131.59,867.73,29.45,18.91,47.37,6.87,35.87,57.26,0,0,2.58,0.23,0.11,17.06,221.27,1.18,3.87
DE110780,287.43,606.63,21.76,29.85,41.81,8.52,68.58,22.9,0,0,2.46,0.43,0.05,17.3,230.13,1.18,3.87
DE110790,58.11,651.19,23.67,29.72,41.07,6.96,72.66,20.37,0,0,2.55,0.42,0.06,17.79,232.13,1.18,3.87
DE110810,9.74,1006.13,23.3,40.8,35.9,0,31.61,68.39,0,0,4.44,-0.2,0.15,17.41,206.3,1.18,3.87
DE110820,24.99,684.67,27.25,32.56,39.44,1.12,81.18,17.7,0,0,2.73,0.37,0.07,17.39,225.63,1.18,3.87
DE110830,29.81,718.08,24.64,35.8,38.3,1.21,54.98,43.8,0,0,2.98,0.32,0.08,18,223.41,1.18,3.87
DE110840,7.07,705.65,26.28,34.72,39,0,73.97,26.03,0,0,2.89,0.34,0.08,18.44,229.37,1.18,3.87
DE110860,108.58,646.23,22.68,31.3,42.15,3.78,68.73,24.99,1.6,0.89,2.52,0.31,0.07,17.64,229.38,1.18,3.87
DE110870,18.62,941.01,25.42,36.34,38.24,0.31,10.78,88.91,0,0,4.91,0.16,0.13,17.19,205.27,1.18,3.86
DE110880,139.22,670.94,24.17,28.3,42.49,6.13,55.96,36.79,0,1.12,2.36,0.34,0.07,17.95,236.72,1.18,3.87
DE110900,293.08,902.17,25.75,31.71,40.24,4.16,32.04,63.69,0,0.11,3.57,-0.11,0.12,16.31,208.83,1.18,3.86
DE110920,467.66,664.06,22.43,36.3,37.62,4.68,9.55,85.63,0,0.14,4.37,-0.13,0.09,15.3,200.39,1.18,3.86
DE110930,175.79,304.69,26.27,21.34,45.62,10.97,52.24,36.79,0,0,2.71,0.04,0.05,17.42,221.97,1.18,3.86
DE110940,129.21,373.22,26,27.55,40.18,7.61,23.53,68.85,0,0,2.82,0.15,0.03,17.22,222.27,1.18,3.86
DE110950,263.67,790.76,24.38,33.85,39.9,2.95,60.82,35.28,0.79,0.16,4.55,0.18,0.1,16.23,203.6,1.18,3.86
DE110960,177.55,513.81,30.17,21.45,43.93,4.9,62.96,31.8,0,0.35,2.29,0.14,0.07,17.67,230.22,1.18,3.86
DE110970,812.19,469.29,32.81,17.89,44.51,5.86,63.55,30.51,0,0.08,2.26,0.08,0.07,16.84,228.31,1.18,3.86
DE110980,46.52,366.5,30.33,20.02,39.76,9.79,56,34.21,0,0,2.48,0.2,0.04,17.75,228.58,1.18,3.86
DE110990,29.44,392.88,31.04,22.47,40.07,7.09,40.92,51.99,0,0,2.34,0.25,0.04,18.32,234.19,1.18,3.86
DE111000,31.38,761.23,33.1,14.95,50.76,2.23,39.32,58.45,0,0,2.9,0.19,0.12,17.52,220.93,1.18,3.86
DE111010,146.02,681.84,31.98,15.82,47.61,6.08,49.05,44.87,0,0,2.81,0.2,0.1,17,221,1.18,3.86
DE111020,72.52,360.47,30.81,14.41,50.25,5.3,71.73,22.98,0,0,2.36,0.05,0.05,18.07,230.64,1.18,3.86
DE111030,3253.52,565.26,29.18,17.43,43.39,12.74,49.25,37.97,0.02,0.03,2.43,0.17,0.06,15.69,217.64,1.18,3.86
DE111040,566.88,406.77,29.57,19.38,37.1,15.5,44.46,40.05,0,0,2.57,0.12,0.05,16.36,221.1,1.18,3.86
DE111060,35.23,457.87,35.78,15.06,47.21,2.87,62.42,34.72,0,0,2.26,0.11,0.06,17.82,235.31,1.18,3.87
DE111070,238.95,493.55,27.27,14.87,40.54,19.53,46.64,33.83,0,0,2.05,0.26,0.06,18.44,237.81,1.18,3.87
DE111110,163.42,546.98,27.02,31.27,40.09,1.83,16.17,82,0,0,4.16,-0.1,0.06,16.28,207.11,1.18,3.87
DE111120,19.42,819.8,20.48,40.04,35.13,6.84,4.87,88.29,0,0,4.74,-0.2,0.12,17.14,204.82,1.18,3.87
DE111130,113.33,206.47,25.49,15.73,46.15,16.51,60.31,23.18,0,0,2.22,0.06,0.03,17.86,234.61,1.18,3.87
DE111140,649.51,711.38,23.91,33.68,39.91,3.41,67.52,28.42,0.59,0.06,4.31,0.21,0.08,16.29,204.37,1.18,3.87
DE111150,202.45,575.64,23.52,30.12,38.22,10.74,51.47,37.79,0,0,2.21,0.27,0.05,18.44,235.91,1.18,3.87
DE111160,776.11,581.87,21.64,32.4,39.42,8.03,64.05,27.08,0.61,0.23,2.81,0.34,0.06,17.62,223.17,1.18,3.87
DE111170,168.9,652.26,22.34,34.87,39.28,4,59.54,34.35,1.24,0.87,3.19,0.3,0.07,17.85,222.65,1.18,3.87
DE111180,73.43,631.3,24.27,33.61,40.56,2.51,62.38,35.12,0,0,2.77,0.31,0.06,17.45,217.64,1.18,3.87
DE111190,41.12,962.18,19.15,45.33,35.21,2.61,35.18,62.21,0,0,3.86,-0.02,0.12,15.41,199.61,1.18,3.86
DE111210,641.5,600.42,21.77,32.33,40.02,7.39,62.51,29.08,0.74,0.28,2.74,0.35,0.06,17.68,224.25,1.18,3.86
DE111220,126.51,561.1,22.6,33.18,38.75,7.9,69.2,22.4,0.5,0,2.75,0.3,0.05,18.29,229.61,1.18,3.86
DE111230,163.7,761.08,25.23,32.51,41.38,1.8,68.6,29.6,0.01,0,4.82,0.21,0.09,16.65,204.06,1.18,3.86
DE111240,128.99,886.6,25.37,33.81,40.08,2.43,56.86,40.45,0.27,0,4.96,0.18,0.12,16.35,201.92,1.18,3.86
DE111250,55.13,202.15,25.99,15.53,46.27,16.21,61.57,22.22,0,0,2.16,0.07,0.03,18.13,236.42,1.18,3.86
DE111260,73.69,463.98,23.53,29.88,40.61,10.21,6.13,83.66,0,0,3.84,-0.05,0.04,16.66,211.88,1.18,3.86
DE111270,189.04,526.63,28.92,17.77,40.84,15.69,55.43,28.88,0,0,2.77,0.26,0.05,17.44,221.47,1.18,3.86
DE111280,53.69,641.77,27.99,26.95,43.79,4.2,28.22,67.58,0,0,2.77,-0.06,0.08,17.48,223.41,1.18,3.86
DE111290,16.24,496.41,28.4,24.4,40.63,9.37,42.78,47.84,0,0,2.85,0.02,0.06,17.71,226.29,1.18,3.86
DE111300,124.74,465.59,28.68,26.55,40.91,5.43,36.41,58.16,0,0,2.77,-0.02,0.06,17.1,222.81,1.18,3.86
DE111310,205.14,718.64,31.16,17.47,47.52,7.94,56.8,35.26,0,0,2.57,0.01,0.09,16.95,225.39,1.18,3.86
DE111320,376.97,625.53,28.49,24.19,42.3,7.42,34.33,58.12,0,0.14,2.87,-0.05,0.09,16.69,217.46,1.18,3.86
DE111330,33.74,757.83,24.4,40.82,34.23,2.16,13.81,84.02,0,0,3.89,-0.2,0.1,16.9,213.89,1.18,3.86
DE111340,37.34,771.63,23.48,39.07,37.24,0.64,1.35,97.51,0.49,0,3.82,-0.11,0.1,16.48,208.29,1.18,3.86
DE111350,9.26,863.33,22.05,41.05,36.9,0,0,98.01,1.99,0,3.92,-0.12,0.12,16.2,207.09,1.18,3.86
DE111360,44.67,507.91,33.04,19.57,47.4,0,0.43,99.57,0,0,2.09,0.28,0.06,18.66,239.28,1.18,3.86
DE111370,75.8,577.41,35.54,13.15,47.07,5.52,45.27,49.2,0,0,2.37,0.14,0.06,15.65,207.18,1.18,3.86
DE111380,179.24,434.32,25.91,19.92,42.15,13.98,34.64,51.38,0,0,2.1,0.28,0.04,18.59,237.91,1.18,3.86
DE111390,138.38,550.82,27.03,20.43,41.01,14.18,47.86,37.95,0,0,2.37,0.32,0.05,17.83,230.42,1.18,3.86
DE111400,149.27,449.3,24.92,25.31,43,9.24,17.5,73.27,0,0,3.31,-0.03,0.04,17.25,217.44,1.18,3.86
DE111410,178.83,760.44,22.1,39.91,36.26,3.28,10.99,85.72,0,0,4.56,-0.22,0.1,16.42,204.46,1.18,3.86
DE111420,47.28,790.94,21.26,41.77,36.97,0.41,0,99.59,0,0,5.16,-0.21,0.11,16.06,200.96,1.18,3.86
DE111430,207.64,904.76,21.26,38.49,39.27,1.99,30.23,67.78,0,0,4.75,-0.17,0.11,16.14,202.9,1.18,3.86
DE111440,64.28,807.21,21.62,40.18,37.62,1.68,8.95,89.37,0,0,4.99,-0.23,0.1,16.42,203.76,1.18,3.86
DE111450,274.2,599.57,22.02,31.1,41.88,6.94,65.52,26.46,0.95,0.12,2.49,0.4,0.06,17,229.73,1.18,3.86
DE111460,273.72,575.24,23.58,32.69,40.56,4.52,66.34,29.05,0,0.09,2.64,0.32,0.05,17.8,229.27,1.18,3.86
DE111470,58.23,630.25,23.35,34.27,40.69,3.1,65.55,31.36,0,0,2.72,0.29,0.05,18.73,231.34,1.18,3.86
DE111480,355.63,904.73,23.58,35.41,38.99,3.69,38.04,57.96,0,0.32,3.33,-0.07,0.11,16.6,211.33,1.18,3.86
DE111490,108.79,610.4,26.6,32.96,39.52,1.48,10.69,87.83,0,0,4.55,-0.13,0.07,15.82,204.09,1.18,3.86
DE111500,69.89,804.82,27.35,34.68,37.98,0,26.58,73.42,0,0,4.66,-0.1,0.1,16.82,207.68,1.18,3.86
DE111510,75.6,642.76,26.57,26.54,43.91,5.63,28.97,65.39,0,0,3.45,-0.19,0.07,17.3,218.25,1.18,3.86
DE111550,76.16,320.65,29.04,21.98,40.53,8.99,52.89,38.12,0,0,2.34,0.15,0.04,18.05,233.44,1.18,3.86
DE111560,1661.64,546.41,27.73,22.11,41.55,11.55,33.34,55.04,0.03,0.03,2.62,0,0.06,16.35,217.96,1.18,3.86
DE111570,328.41,500.79,30.58,20.48,44.35,5.65,52.86,41.3,0,0.19,2.32,0.1,0.06,17.39,231.93,1.18,3.86
DE111580,192.9,378.51,25.69,17.08,39.3,20.7,50.04,29.26,0,0,2.03,0.25,0.04,18.58,239.47,1.18,3.86
DE111590,148.07,595.27,31.4,16.32,46.36,8.67,46.34,44.99,0,0,2.67,-0.08,0.07,17.64,227.14,1.18,3.86
DE111600,1956.65,414.06,31.34,18.97,44.21,7.05,53.32,39.63,0,0,2.47,0.03,0.05,16.63,223.34,1.18,3.86
DE111610,1823.98,398.11,32.28,17.21,46.91,4.85,64.98,30.14,0,0.03,2.28,0.01,0.05,15.98,225.64,1.18,3.86
DE111620,29.96,826.29,33.6,17.21,47.02,8.08,30.72,61.2,0,0,2.65,0.21,0.11,16.64,217.7,1.18,3.86
DE111630,1309.43,458.63,32.32,19.36,43.08,6.97,49.76,43.27,0,0,2.55,0.03,0.06,16.77,223.24,1.18,3.86
DE111640,214.08,677.18,28.32,16.4,44.62,13.9,44.99,41.11,0,0,2.47,0.25,0.07,17.33,228.6,1.18,3.86
DE111650,232.23,652.37,26.4,23.34,44.65,8.52,52.06,39.41,0,0,3.31,-0.19,0.08,17.03,216.4,1.18,3.86
DE111660,42.22,644.83,26.72,21.57,46.36,7.5,34.16,58.34,0,0,3.09,-0.2,0.09,17.5,222.43,1.19,3.86
DE111670,125.4,388.89,19.32,16.33,32.83,35.83,51.66,12.51,0,0,1.98,0.33,0.03,18.5,243.01,1.19,3.86
DE111680,141.01,318.88,28.93,21.32,44.09,6.64,56.02,37.34,0,0,2.29,0.09,0.04,18.35,234.68,1.19,3.86
DE111690,134.66,536.82,24.63,16.9,36.51,24.41,37.87,37.71,0,0,2.46,0.31,0.05,17.59,227.33,1.18,3.86
DE111700,59.59,312.47,29.46,17.43,48.7,6.64,69.84,23.52,0,0,2.38,-0.09,0.04,18.98,235.24,1.18,3.86
DE111710,155.42,364.62,26.73,19.7,48.45,7.89,43.71,48.4,0,0,2.62,-0.14,0.05,17.31,215.09,1.18,3.87
DE111720,1480.36,576.57,27.84,22.84,41.36,10.9,31.25,57.77,0.04,0.04,2.65,-0.01,0.06,16.25,218.82,1.19,3.87
DE111730,702.37,522.74,31.34,17.62,41.36,12,51.38,36.62,0,0,2.68,0.2,0.06,16.77,221.27,1.18,3.86
DE111740,755.37,490.08,31.4,21.27,41.93,7.11,42.86,50.04,0,0,2.63,0.04,0.06,17.2,222.6,1.19,3.86
DE111770,8.91,526.38,32.29,21.86,45.8,0,63.71,36.29,0,0,2.18,0.14,0.06,17.97,236.67,1.19,3.87
DE111780,27.72,813.54,32.18,27.05,39.19,3.69,32.35,63.96,0,0,2.42,0.24,0.09,18.52,231.92,1.19,3.87
DE111790,132.19,798.92,23.68,33.21,39.07,6.65,44.24,47.6,1.51,0,4.13,0.22,0.09,16.6,207.61,1.19,3.87
DE111810,60.54,922.3,25.25,35.53,39.2,0.34,21.56,78.1,0,0,4.81,0.17,0.13,16.59,206.15,1.19,3.86
DE111820,418.79,476.47,28.44,15.47,42.05,16.41,47.8,35.79,0,0,2.04,0.21,0.04,18.52,237.14,1.19,3.87
DE111830,160.02,726.98,30.34,16.3,50.11,5.67,46.82,47.21,0.29,0,2.47,0.21,0.1,17.19,222.68,1.19,3.86
DE111840,124.92,647.55,28.01,21.47,43.78,10.25,42.82,46.93,0,0,2.45,0.33,0.06,17.3,226.17,1.18,3.86
DE111850,126.41,845.21,23.89,38.61,37.25,0.44,21.73,77.83,0,0,4.37,-0.08,0.1,16.6,204.84,1.18,3.86
DE111860,30.96,529.29,24.7,30.16,38.05,10.01,19.38,70.61,0,0,4.46,-0.08,0.06,15.29,201.41,1.18,3.86
DE111870,103.36,524.59,27.88,29.97,39.58,3.44,20.63,75.92,0,0,3.62,0,0.05,16.6,211.34,1.18,3.86
DE111880,49.03,436.84,29,28.87,41.22,0,31.35,68.65,0,0,3.09,0.12,0.04,18.41,220.8,1.18,3.86
DE111890,1590.55,358.55,30.64,16.59,49.47,4.06,73.45,22.49,0,0,1.93,0.11,0.04,16.83,239.11,1.18,3.86
DE111900,107.96,709.61,32.97,14.46,48.48,5.73,32.95,61.32,0,0,2.71,0.26,0.08,17.48,221.8,1.18,3.86
DE111910,122.84,708.26,27.99,17.53,42.83,16.17,45.47,38.35,0,0,2.4,0.26,0.08,17.68,227.24,1.18,3.86
DE111920,1491.86,574.78,27.81,22.77,41.35,11.07,31.17,57.69,0.04,0.04,2.63,0,0.06,15.89,218.31,1.18,3.86
DE111940,492.63,508.95,31.34,20.53,41.47,8.64,48.37,42.99,0,0,2.61,0.05,0.07,17.39,225.28,1.18,3.86
DE111960,673.44,670.99,25.9,30.22,41.7,3.53,19.75,76.64,0,0.08,3.78,-0.1,0.08,16.47,206.34,1.18,3.86
DE111980,338.64,726.03,32.77,14.44,49.93,4.1,52.21,43.69,0,0,2.48,0.27,0.09,17.12,222.9,1.18,3.86
DE111990,164.19,603.42,21.6,30.67,42.66,4.05,63.9,25.98,4.92,1.15,2.24,0.43,0.06,17.81,235.01,1.18,3.86
DE112010,74.42,288.31,26.95,20.15,43.47,10.84,55.41,33.75,0,0,2.17,0.14,0.03,19.2,238.53,1.18,3.86
DE112020,45.98,319.89,28.87,13.82,54.02,3.36,80.27,16.37,0,0,1.89,0.15,0.04,18.35,246.09,1.18,3.86
DE112030,2226.39,493.47,27.53,20.79,41.79,12.53,38.72,48.71,0.02,0.02,2.33,0.06,0.05,17.4,224.23,1.18,3.86
DE112040,69.58,481.41,28.72,27.07,40.8,5.37,36.37,58.26,0,0,2.7,-0.03,0.06,17.84,227.36,1.18,3.86
DE112050,105.96,737.59,25.87,24.71,44.82,7.23,32.8,59.97,0,0,3.29,-0.07,0.09,17.08,214.79,1.18,3.86
DE112060,137.49,620.53,25.09,29.26,41.99,4.98,53.19,41.83,0,0,2.25,0.28,0.05,18.77,235.81,1.18,3.86
DE112070,232.24,274.71,26.79,17.42,43.24,15.1,48.99,35.92,0,0,2.47,0.06,0.03,18.54,230.61,1.18,3.86
DE112100,124.44,454.63,35.72,16.65,46.63,1.91,50.6,47.49,0,0,2.42,0.03,0.06,18.09,232.79,1.18,3.86
DE112110,89.25,506.68,30.57,20.68,44.82,4.77,64.86,30.37,0,0,2.31,0.09,0.06,17.55,233.24,1.18,3.86
DE112120,62.41,425.23,31.18,23.95,40.4,4.83,45.82,49.35,0,0,2.42,-0.01,0.05,18.24,231.58,1.18,3.86
DE112130,175.81,304.67,26.27,21.34,45.61,10.97,52.24,36.79,0,0,2.79,-0.02,0.05,17.56,217.64,1.18,3.86
DE112140,114.43,656.67,33.05,13.49,48.94,5.66,61.71,32.64,0,0,2.64,0.2,0.08,17.33,226.68,1.18,3.86
DE112160,285.52,716.04,24.29,36.43,38.42,2.72,3.86,93.24,0.19,0,3.26,-0.13,0.09,17.32,217.29,1.18,3.86
DE112180,126.73,737.06,28.81,16.08,43.94,14.99,41.57,43.44,0,0,2.48,0.28,0.08,17.95,231.53,1.18,3.86
DE112200,205.89,735.42,24.18,37.23,37.92,2.46,4.09,93.27,0.17,0,3.31,-0.13,0.1,17.42,217.18,1.18,3.86
DE112220,152.96,346.92,28.25,20.37,42.82,10.18,55.91,33.9,0,0,2.26,0.06,0.05,19.17,236.63,1.18,3.86
DE112260,115.99,772.75,23.39,38.75,37.19,2.8,2.37,94.52,0.31,0,3.57,-0.16,0.1,18.48,215.5,1.18,3.86
DE112280,167.19,481.34,29.97,17.56,38,18.19,51.94,29.87,0,0,2.62,0.09,0.06,18.11,230.91,1.18,3.86
DE112310,489.37,689.77,29.27,16.24,48.48,9.23,55.23,35.44,0.1,0,2.3,0.26,0.09,17.8,229.5,1.18,3.86
DE112320,108.11,520.22,31.58,18.94,45.12,5.24,68.71,26.05,0,0,2.13,0.14,0.07,18.47,239.83,1.18,3.86
DE112330,930.82,613.4,26.58,29.97,41.02,3.65,22.16,74.13,0,0.06,3.41,-0.08,0.07,15.78,212.29,1.18,3.86
DE112350,360.93,633.36,32.24,15.57,46.1,8,53.57,38.43,0,0,2.71,0.18,0.08,16.17,223.79,1.18,3.86
DE112360,181.31,310.07,29.68,13.36,53.56,5.46,77.99,16.55,0,0,1.82,0.19,0.04,19.47,251.07,1.18,3.87
DE112370,176.35,232.93,27.43,17.36,44.1,11.81,55.91,32.28,0,0,2.03,0.08,0.03,19.94,243.42,1.18,3.87
DE112380,161.11,208.64,27.4,16.94,47.62,9.35,69.13,21.52,0,0,1.97,0.09,0.03,19.41,243.77,1.18,3.87
DE112390,76.97,419.13,28.42,23.38,40.96,7.64,39.11,53.26,0,0,2.6,0.13,0.05,18.67,231.1,1.18,3.87
DE112400,168.16,712.46,31.6,16.23,50.13,3.66,48.59,47.75,0,0,2.27,0.31,0.08,18.25,232.8,1.18,3.87
DE112410,100.06,854.4,23.73,23.95,42.89,12.57,32.47,54.95,0,0,3.31,-0.12,0.13,17.88,216.72,1.18,3.87
DE112420,302.98,716.11,26.62,34.55,38.06,1.25,27.42,71.34,0,0,3.81,-0.08,0.07,18.91,214.68,1.18,3.87
DE112450,39.39,688.47,25.85,33.97,39.39,1.15,54.11,44.74,0,0,2.77,0.39,0.07,20,233.4,1.18,3.87
DE112480,101.07,257.88,25.12,18.33,43.45,14.55,53.75,31.26,0,0.44,2.02,0.06,0.02,20.3,250.53,1.18,3.87
DE112490,318.19,621.15,30.94,17.2,44.85,10.16,33.37,56.46,0,0,2.48,0.1,0.08,17.85,228.63,1.18,3.87
DE112500,85.49,589.4,22.16,30.9,44.3,4,75.68,20.31,0,0,2.39,0.46,0.06,18.19,235.01,1.18,3.87
DE210300,19.98,1190.84,25.88,36.59,37.52,0,0.1,99.9,0,0,4.75,0.34,0.17,15.34,197.35,1.18,3.86
DE210310,47.28,1279.39,26.49,35.24,38.26,0,2.83,97.17,0,0,5.75,0.18,0.21,14.68,193.17,1.18,3.86
DE210320,21.98,943.88,26.17,32.55,40.99,3.29,34.64,62.07,0,0,5.11,0.24,0.14,16.16,203.81,1.18,3.86
DE210350,31.28,915.28,22.79,29.24,36.58,2.11,78.34,7.01,3.2,9.34,4.23,0.35,0.12,15.94,205.46,1.18,3.86
DE210370,60.6,794.24,24.63,30.59,42.4,3.21,72.49,23.09,1.22,0,3.58,0.34,0.1,17.55,212.74,1.18,3.85
DE210380,120.98,669.47,22.66,28.66,35.44,17.55,64.58,17.87,0,0,3.01,0.36,0.07,17.35,221.62,1.18,3.85
DE210400,167.61,549.43,20.23,31.66,42.15,7.81,68.18,24,0,0,2.51,0.41,0.06,17.24,229.27,1.18,3.85
DE210410,315.65,710.52,26.1,31.53,39.67,5.11,71.88,23.01,0,0,3.09,0.35,0.08,16.79,217.13,1.18,3.85
DE210420,524.36,663.14,24.63,32.16,40.23,4.58,66.64,28.65,0,0.12,2.88,0.38,0.07,16.51,218.71,1.18,3.85
DE210430,602.11,644.77,24.28,32.19,40.53,4.51,66.29,29.04,0,0.16,2.81,0.4,0.07,16.31,218.68,1.18,3.85
DE210450,217.26,654.08,26.57,30.27,38.67,5.23,76.51,17.99,0,0.27,2.9,0.37,0.07,16.76,221.75,1.18,3.85
DE210460,956.48,596.6,24.18,30.48,39.86,6.95,67.1,25.72,0,0.22,2.65,0.39,0.07,16.33,219.61,1.18,3.85
DE210470,184.4,696.43,26.3,29.57,40.54,7.06,68.96,23.98,0,0,3.03,0.35,0.08,16.49,219.32,1.18,3.85
DE210480,251.03,557.48,22.92,32.16,40.27,5.95,58.58,35.47,0,0,2.5,0.39,0.06,17.76,227.33,1.18,3.85
DE210490,741.63,593.57,29.71,18.73,45.37,8.38,48.23,43.4,0,0,2.38,0.14,0.08,17.05,227.17,1.18,3.85
DE210500,363.05,575.8,30.57,20.26,46.15,4.17,52.22,43.61,0,0,2.29,0.16,0.08,17.77,231.1,1.18,3.85
DE210510,88.28,483.28,33.05,18.22,45.36,4.64,68.62,26.74,0,0,2.2,0.04,0.07,17.36,235.37,1.18,3.85
DE210520,588.2,479.72,32.67,19.71,43.71,4.88,65.38,29.69,0,0.06,2.15,0.11,0.07,16.7,232.63,1.18,3.85
DE210530,1109.47,472,31.52,20.84,43.65,4.86,68.25,26.75,0.05,0.09,2.08,0.16,0.06,16.79,232.53,1.18,3.85
DE210540,1569.67,475.67,31.03,20.85,43.54,5.5,68.89,25.52,0.03,0.07,2.04,0.2,0.07,16.75,232.38,1.18,3.86
DE210550,25.88,486.14,33.34,19.33,45.63,3.63,61.2,35.17,0,0,2.21,0.04,0.06,17.06,237.83,1.18,3.86
DE210560,396.04,486.06,30.08,20.32,43.04,7.55,71.52,20.93,0,0,2.09,0.19,0.06,17.86,236.66,1.18,3.86
DE210570,180.09,520.93,23.8,32.31,40.73,3.98,60.4,35.62,0,0,2.47,0.37,0.06,17.58,230.97,1.18,3.86
DE210580,509.93,496.71,23.28,31.8,40.45,6.06,56.91,37.03,0,0,2.31,0.37,0.06,17.42,229.38,1.18,3.86
DE210590,132.53,576.45,24.24,32.59,40.23,3.41,50.94,45.65,0,0,2.6,0.4,0.07,17.48,228.89,1.18,3.86
DE210600,358.35,541.75,23.23,31.32,39.69,7.65,44.66,47.69,0,0,2.47,0.37,0.06,17.23,228.89,1.18,3.86
DE210610,480.04,523.61,23.27,31.14,39.61,7.75,47.85,44.4,0,0,2.4,0.37,0.06,16.98,227.35,1.18,3.86
DE210710,47.96,1309.5,28.02,34.78,37.2,0,0.95,99.05,0,0,4.06,0.49,0.16,16.56,206.86,1.18,3.86
DE210720,28.27,995.54,28.33,31.32,39.9,2.12,29.91,66.42,1.56,0,3.94,0.48,0.14,16.7,209.03,1.18,3.85
DE210730,32.19,885.98,27.76,30.02,42.02,1.41,51.01,43.43,4.15,0,3.76,0.47,0.12,16.86,210.61,1.18,3.85
DE210830,23.68,880.22,24.74,31.26,42.73,1.39,50,48.61,0,0,4.04,0.33,0.12,16.65,209,1.18,3.85
DE210840,102.28,828.91,24.95,28.87,45.14,2.23,77.73,18.96,0.77,0.31,3.69,0.38,0.1,16.55,209.47,1.18,3.85
DE210860,93.48,782.22,27.29,28.7,42.8,1.31,59.64,38.71,0.35,0,3.48,0.43,0.09,16.88,212.19,1.18,3.85
DE210870,135.63,752.55,27.32,28.39,40.81,5.62,71.82,22.56,0,0,3.21,0.4,0.09,16.87,215.19,1.18,3.85
DE210880,98.9,632.53,27.8,28.71,40.86,3.94,82.08,13.98,0,0,2.72,0.45,0.07,17.89,226.26,1.18,3.85
DE210900,123.93,623.75,24.62,28.41,41.79,8.04,69.71,22.25,0,0,2.71,0.42,0.06,17.88,226.89,1.18,3.85
DE210910,139.02,561.03,23.69,27.03,44.07,6.4,72.22,21.38,0,0,2.51,0.41,0.06,18.14,229.98,1.18,3.85
DE210920,240.12,540.64,23.21,28.13,42.6,7.3,71.86,20.84,0,0,2.44,0.41,0.06,17.61,228.45,1.18,3.85
DE210940,674.37,499.13,22.62,30.9,40.91,6.97,68.9,24.13,0,0,2.32,0.39,0.07,17.01,228.57,1.18,3.85
DE210950,853.75,483.3,22.75,31.09,40.41,6.94,69.04,23.98,0,0.03,2.28,0.37,0.06,17.08,229.57,1.18,3.85
DE210960,1257.73,454.97,22.68,31.66,38.97,7.44,71.98,20.24,0,0.34,2.19,0.38,0.06,17.02,230.78,1.18,3.85
DE210970,61.42,504.48,23.81,32.9,42.01,2.04,73.05,24.91,0,0,2.46,0.36,0.06,18.08,233.47,1.18,3.85
DE211000,143.55,479.65,25.11,26.17,45.03,6.02,71.85,22.12,0,0,2.18,0.33,0.07,18.31,238.09,1.18,3.85
DE211010,361.63,451.55,24.99,25.51,45.12,5.8,69,25.2,0,0,2.12,0.33,0.07,17.88,236.94,1.18,3.85
DE211030,457.34,473.55,22.8,31.2,41.32,6.18,70.81,23.01,0,0,2.22,0.33,0.05,18.22,237.77,1.18,3.85
DE211040,25.07,463.31,31.84,23.79,44.14,0,71.88,28.12,0,0,1.85,0.14,0.07,18.35,243.75,1.18,3.85
DE211050,322.93,456.94,31.93,22.72,42.58,3.38,72.04,24.58,0,0,1.91,0.12,0.07,17.86,241.32,1.18,3.86
DE211060,690.92,454.36,30.71,22.71,42.4,4.08,68.7,26.52,0.05,0.64,1.94,0.14,0.06,16.89,238.99,1.18,3.86
DE211070,892.88,459.37,30.19,22.68,43.08,4.1,69.93,25.44,0.04,0.5,1.92,0.19,0.07,16.7,236.28,1.18,3.86
DE211080,1398.41,482.53,29.63,22.1,44.46,4.33,60.97,34.35,0.03,0.32,2.01,0.2,0.07,16.32,231.29,1.18,3.86
DE211090,2250.59,484.85,29.05,22.69,44.72,4.25,59.82,35.7,0.02,0.21,2.05,0.2,0.06,16.37,231.59,1.18,3.86
DE211100,92.65,472.64,31.69,20.71,44.96,2.31,65.88,31.8,0,0,1.98,0.12,0.07,17.91,240.64,1.18,3.86
DE211110,99.12,557.33,29.65,19.74,49.48,1.3,34.29,64.41,0,0,2.22,0.23,0.08,17.95,234.65,1.18,3.86
DE211120,303.91,461.33,26.61,26.93,42.23,5.24,67.1,27.55,0,0.11,2.07,0.22,0.08,17.38,232.89,1.18,3.86
DE211130,89.07,522.68,26.18,25.28,46.53,1.72,68.02,30.26,0,0,2.25,0.14,0.09,17.76,234.6,1.18,3.86
DE211150,185.51,533.33,25.98,25.95,45.96,4.11,66.04,29.85,0,0,2.33,0.09,0.1,17.25,230.77,1.18,3.87
DE211160,439.83,515.17,26.17,26.66,44.25,4.31,60.59,35.1,0,0,2.18,0.14,0.09,17.2,232.56,1.18,3.87
DE211250,13.71,656.21,20.17,37.44,41.39,0.51,10.13,89.36,0,0,2.25,0.16,0.12,17.89,234.07,1.18,3.87
DE211260,180.7,632.84,25.87,29.13,42.53,4.72,35.09,60.19,0,0,2.71,-0.04,0.15,17.55,222.34,1.18,3.87
DE211270,5.93,638.05,23.97,33.13,42.9,0,9.76,90.24,0,0,2.2,0.12,0.09,19.55,242.23,1.18,3.87
DE211280,26.08,545.04,23.29,35.73,40.51,0,32.27,67.73,0,0,2.07,0.14,0.08,18.64,243.86,1.18,3.87
DE211290,191.31,532.58,27.42,28.34,40.61,3.18,64.37,31.84,0,0.61,2.48,0,0.11,16.88,224.89,1.18,3.87
DE211310,722.09,477.76,24.69,33.1,37.82,4.33,41.77,52.73,0.18,0.99,2.11,0.13,0.09,16.86,231.22,1.18,3.87
DE211320,181.99,466.18,26.82,30.33,37.96,4.52,45.95,48.29,0.15,1.09,2.09,0.09,0.09,17.42,235.84,1.18,3.87
DE211450,121.88,559.93,19.84,37.88,39.74,2.99,54.58,42.42,0,0,2.32,0.12,0.12,17,227.72,1.18,3.87
DE211460,231.49,463.02,27.38,29.32,40.31,4.4,30.36,64.97,0,0.28,2.16,0.08,0.08,17.35,235.28,1.18,3.87
DE211470,444.76,454.51,25.99,28.72,39.67,6.41,42.52,50.8,0,0.27,2.11,0.11,0.08,16.83,234.67,1.18,3.88
DE211490,1108.51,466.14,24.91,29.79,40.84,5.21,42.95,51.73,0,0.11,2.14,0.1,0.08,16.98,231.79,1.18,3.88
DE211500,69.29,458.69,24.64,24.26,38.97,11.58,45.17,43.25,0,0,2.19,0.07,0.08,17.7,235.84,1.18,3.88
DE211510,238.63,515.72,27.46,26.62,44.97,1.93,47.22,50.85,0,0,2.32,0.06,0.1,17.34,230.52,1.18,3.88
DE211580,53.5,627.5,16.16,44.2,39.22,0.5,50.28,49.21,0,0,3.09,0.1,0.14,16.59,215.7,1.18,3.88
DE211620,109.57,670.1,15.75,42.66,39.75,3.11,45.88,51.01,0,0,3.2,0.06,0.15,17.36,215.84,1.18,3.88
DE211700,66.95,598.94,17.14,42.58,38.13,1.22,55.13,43.66,0,0,2.47,0.23,0.1,17.8,230.2,1.18,3.88
DE211720,48.12,532.71,20.13,39.76,39.48,0.77,55.86,43.37,0,0,2.2,0.24,0.1,17.91,234.74,1.18,3.88
DE211730,90.24,520.36,20.66,38.77,39.68,1.19,56.78,42.03,0,0,2.16,0.25,0.1,18.05,236.15,1.18,3.88
DE211740,75.52,391.64,25.65,27.34,44.69,2.92,66.68,30.4,0,0,1.97,0.23,0.07,19.49,244.03,1.18,3.88
DE211760,400.88,422.57,24.92,25.71,45.41,4.72,74.73,20.54,0,0,2,0.31,0.07,18.77,240.41,1.18,3.89
DE211770,242.34,447.22,24.33,25.56,46.41,4.87,71.91,23.23,0,0,2.05,0.27,0.07,19.08,241.62,1.18,3.89
DE211780,136.57,419.59,24.42,26.51,46.79,3.13,74.78,22.09,0,0,2.02,0.3,0.07,19.08,243.27,1.18,3.89
DE211790,11.31,365.53,25.8,25.09,47.26,1.09,91.76,7.15,0,0,1.99,0.26,0.06,19.05,243.32,1.18,3.89
DE211800,36.49,573.53,17.39,39.81,41.38,1.85,31.75,66.4,0,0,3.37,0.02,0.15,18.34,222.75,1.18,3.89
DE211940,142.75,466.19,24.02,24.02,46.12,7.94,73.47,18.59,0,0,2.16,0.28,0.07,18.37,239.57,1.18,3.89
DE212130,12.6,734.54,27.48,26.62,45.37,0,30.82,69.18,0,0,3.67,0.54,0.07,17.78,214.43,1.18,3.89
DE212290,42.99,1218.82,28.24,33.85,37.91,0,0,100,0,0,4.36,0.45,0.16,16.13,204,1.18,3.89
DE212300,38.11,798.94,26.62,27.85,43.98,2.78,44.12,44.76,7.34,1,3.71,0.46,0.1,16.82,212.16,1.18,3.88
DE212310,115.56,725.97,24,25.97,39.92,3.69,39.92,42.38,7.02,6.99,3.53,0.49,0.09,17,213.16,1.18,3.88
DE212320,57.52,650.2,24.03,32.39,41.85,2.1,44.53,51.87,0.5,0.99,2.91,0.48,0.07,18.41,224.22,1.18,3.88
DE212330,13.48,695.33,23.37,31.79,40.51,7.54,63.04,29.42,0,0,2.84,0.5,0.07,17.49,219.1,1.18,3.88
DE212340,35.03,690.36,27.79,29.4,40.69,2.42,68.86,28.73,0,0,2.84,0.44,0.08,18.17,226.8,1.18,3.88
DE212350,67.66,683.55,27.13,30.34,40.69,3.46,62.27,33.78,0.49,0,2.82,0.44,0.08,18.25,226.72,1.18,3.88
DE212370,15.21,680.41,25.14,33.24,41.3,0.75,35.03,64.21,0,0,2.71,0.44,0.06,18.35,228.89,1.18,3.88
DE212380,214.47,545.16,21.57,29.56,42.66,10.64,68.21,21.15,0,0,2.51,0.41,0.07,17.97,230.63,1.18,3.88
DE212390,329.07,636.55,18.94,25.39,31.96,9.29,35.01,34.94,2.83,17.92,3.15,0.49,0.07,17.39,217.93,1.18,3.88
DE212400,383.49,630.1,18.74,25.81,32,11.63,32.41,38.16,2.43,15.38,3.16,0.46,0.06,17.14,216.07,1.18,3.88
DE212430,46.91,677.28,21.84,28.69,38.54,14.19,54.42,28.59,2.2,0.6,3.02,0.45,0.07,18.12,222.78,1.19,3.88
DE212440,50.14,665.24,24.21,32.57,41.2,4.04,54.69,41.27,0,0,3.19,0.43,0.07,17.71,218.22,1.19,3.88
DE212450,104.41,519.44,21.53,32.2,42.9,5.54,74.39,20.06,0,0,2.36,0.37,0.05,19.7,241.73,1.19,3.88
DE212460,390.43,504.39,21.97,31.59,42.14,5.73,76.39,17.88,0,0,2.38,0.4,0.06,17.97,234.25,1.19,3.88
DE212470,229.71,542.33,21.28,31.69,42.55,5.86,47.36,46.78,0,0,2.68,0.43,0.07,17.9,228.01,1.19,3.88
DE212500,132.65,479.76,23.77,27.76,45.45,5.39,82.49,12.08,0,0.04,2.39,0.41,0.06,18.68,235.88,1.19,3.88
DE212530,109.28,472.95,24.84,24.46,47.43,5.31,77.43,17.26,0,0,2.17,0.28,0.07,18.44,239.57,1.19,3.88
DE212540,84.28,384.96,24.68,25.45,47.35,2.52,70.75,26.73,0,0,1.98,0.32,0.07,18.98,243.76,1.19,3.88
DE212550,87.18,539.47,19.9,38.48,40.56,1.38,45.68,52.94,0,0,3.16,0.04,0.13,18.13,222.32,1.19,3.88
DE212560,563.33,481.98,23.56,26.22,47.68,2.94,82.49,14.56,0,0,2.3,0.35,0.06,18.26,234.51,1.19,3.88
DE212570,727.82,474.39,23.45,26.19,47.58,3.29,79.63,16.96,0,0.13,2.27,0.36,0.07,17.93,233.45,1.19,3.88
DE212580,1434.67,443.22,23.58,26.64,47.48,3.02,77.66,19.26,0,0.07,2.23,0.35,0.07,17.52,231.07,1.19,3.88
DE212590,318.68,484,23.45,26.97,46.97,3.2,84.68,12.12,0,0,2.33,0.37,0.07,18.64,233.84,1.19,3.88
DE212600,145.37,486.6,23.65,24.86,48.56,2.88,82.68,14.44,0,0,2.28,0.34,0.06,18.64,237.85,1.19,3.88
DE212610,94.9,461.01,23.17,25.87,50.3,0.89,76.8,22.31,0,0,2.24,0.35,0.07,18.64,239.98,1.19,3.88
DE212620,275.42,437.24,23.17,26.94,48.04,2.28,74.03,23.69,0,0,2.06,0.3,0.07,18.95,239.8,1.19,3.88
DE212640,129.03,408.11,22.74,30.09,45.02,5.74,74.29,19.97,0,0,2.29,0.3,0.08,18.36,236.94,1.19,3.89
DE212650,211.45,458.56,20.09,35.64,40.81,4.69,51.12,44.19,0,0,2.8,0.07,0.1,18.19,224.25,1.19,3.89
DE212680,18.92,991.59,20.81,37.31,41.88,0,0,100,0,0,3.61,0.01,0.23,17.38,209.58,1.19,3.88
DE212690,82.56,805.16,19.48,37.68,40.62,4.11,16.03,79.28,0.58,0,3.28,0.05,0.2,17.15,212.57,1.19,3.88
DE212710,112.91,665.59,18.93,39.45,40.38,3.58,50.23,46.19,0,0,3.04,0.09,0.15,17.06,218.23,1.19,3.88
DE212760,120.35,643.57,18.86,40.05,39.11,2.72,54.76,42.52,0,0,3.09,0.09,0.14,18.06,217.83,1.19,3.88
DE212870,38.86,1070.25,29.01,29.89,41.1,0.01,6.05,93.95,0,0,4.41,0.34,0.19,14.94,201.32,1.19,3.88
DE212890,32.59,865.95,27.76,25.64,46.03,1.51,39.36,59.13,0,0,4.6,0.44,0.13,15.87,202.41,1.19,3.88
DE212900,100.92,537.67,21.83,27.12,40.93,3.54,62.88,27.23,0,6.35,3.58,0.46,0.07,17.22,213.58,1.19,3.88
DE212980,33.13,1138.33,27.92,32.15,38.87,3.76,9.88,86.37,0,0,5.23,0.28,0.21,14.97,197.87,1.19,3.88
DE213010,59.3,911,25.41,25.48,38.42,8.93,31.41,55.92,0,3.74,4.47,0.32,0.14,15.83,204.13,1.19,3.87
DE213050,71.42,579.05,25.93,30.51,42.16,1.56,60.55,37.29,0.6,0,3.11,0.4,0.07,17.27,220.47,1.19,3.87
DE213060,151.13,548.73,25.04,30.26,41.29,5.14,61.56,32.76,0.28,0.25,3.07,0.42,0.07,16.83,218.87,1.19,3.87
DE213100,88.77,667.68,26.51,27.53,43.53,3.47,40.62,48.55,6.97,0.39,3.53,0.35,0.09,17.32,211.92,1.19,3.87
DE213110,12.57,689.09,26.6,26.1,46.02,1.79,62.3,35.91,0,0,3.75,0.34,0.1,16.81,211.36,1.19,3.87
DE213130,153.52,518.77,21.38,31.21,44.99,1.88,67.12,29.11,1.19,0.71,3.08,0.45,0.06,17.51,219.94,1.19,3.87
DE213140,65.37,550.79,22.54,33.08,37.75,9.06,59.74,31.2,0,0,2.92,0.42,0.07,17.43,223.97,1.19,3.87
DE213150,246.41,528.9,22.64,32.71,41.62,4.12,69.73,26.15,0,0,2.91,0.43,0.07,17.2,222.65,1.19,3.87
DE213170,542.61,486.47,23.17,26.83,47.28,4.25,79.57,16.18,0,0,2.49,0.39,0.07,17.71,228.77,1.19,3.87
DE213180,20.35,574.75,24.17,26.65,46.73,3.59,62.02,34.4,0,0,2.67,0.34,0.08,18.53,228.32,1.19,3.87
DE213310,19.06,1004.23,26.47,28.99,43.37,2.58,2.96,94.46,0,0,4.73,0.29,0.18,15.47,199.15,1.19,3.87
DE213360,90.89,842.13,25.82,27.24,46.22,3.62,33.14,61.96,1.29,0,4.78,0.26,0.15,15.7,199.94,1.19,3.87
DE213450,49.6,761.79,27.77,29.6,41.6,2.96,35.55,61.49,0,0,4.57,0.25,0.12,16.59,204.22,1.19,3.86
DE213460,57.55,664.82,23.87,27.87,46.97,2.46,58.16,39.39,0,0,4.13,0.25,0.1,16.96,208.46,1.19,3.86
DE213470,69.75,634.64,23.8,28.02,47.09,2.11,60.88,36.98,0.03,0,4.03,0.27,0.08,17.13,208.93,1.19,3.86
DE213480,133.98,558.86,24.53,28.06,46.03,2.52,65.19,31.36,0.93,0,3.81,0.31,0.07,17.01,209.05,1.19,3.86
DE213490,15.41,831.74,25.15,28.19,46.66,0.28,36.14,63.58,0,0,4.37,0.23,0.12,17.16,206.88,1.19,3.86
DE213500,18.6,507.6,24.75,28.85,45.37,0.01,81.67,18.32,0,0,3.77,0.3,0.05,17.61,212.57,1.19,3.86
DE213510,133.7,523.87,22.81,25.15,42.78,2.49,68.42,22.02,0.38,6.69,3.29,0.36,0.06,17.43,216.93,1.19,3.86
DE213520,28.49,466.64,23.41,27.18,47.82,3.77,67.76,28.47,0,0,2.66,0.34,0.07,18.09,228.16,1.19,3.86
DE213530,110.55,476.01,22.44,28.43,46.97,2.67,82.07,15.26,0,0,2.33,0.35,0.06,18.35,235.77,1.19,3.86
DE213540,532.12,467.1,22.03,27.53,47.71,3.58,80.12,16.31,0,0,2.29,0.36,0.07,18.38,234.01,1.19,3.86
DE213550,596.39,464.34,22.02,27.51,47.86,3.47,80.52,15.92,0,0.09,2.3,0.34,0.06,18.38,233.67,1.19,3.86
DE213560,859.41,460.31,22.09,27.38,47.95,3.53,78.62,17.79,0,0.06,2.31,0.36,0.07,18.09,232.55,1.19,3.86
DE213570,1049.97,448.57,22.22,27.81,47.36,3.93,78.65,17.37,0,0.05,2.32,0.35,0.07,17.96,230.74,1.19,3.86
DE213580,116.6,482.35,22.91,26.17,47.83,3.64,76.4,19.96,0,0,2.26,0.35,0.07,18.72,237.64,1.19,3.86
DE213590,27.95,462.12,23.67,26.98,48.69,1.86,82.12,16.02,0,0,2.24,0.34,0.06,18.79,238.95,1.19,3.86
DE213600,32.06,459.18,22.96,26.7,47.32,5.08,80.94,13.98,0,0,2.24,0.34,0.06,18.5,238.89,1.19,3.86
DE213620,56.8,481.19,23.63,25.14,50.39,2.06,75.86,22.08,0,0,2.59,0.31,0.06,18.08,231.35,1.19,3.86
DE213630,217.12,586.53,18.24,39.16,38.96,5.39,53.81,40.8,0,0,2.82,0.23,0.09,18.5,226.72,1.19,3.86
DE213640,36.47,708.9,18.06,40.92,40.67,0.63,39.99,59.38,0,0,3.2,0.1,0.14,17.94,218.58,1.19,3.86
DE213670,102.81,820.65,25.83,31.9,41.25,2.1,63.77,34.13,0,0,5.03,0.23,0.12,15.8,202.44,1.19,3.86
DE213680,67.49,924.57,25.42,34.21,39.72,2.87,62.84,34.29,0,0,5.06,0.18,0.15,15.33,197.19,1.19,3.86
DE213690,1168.7,482.58,25.07,27.88,41.65,7.16,55.05,37.76,0,0.03,2.38,0.07,0.09,16.38,224.98,1.19,3.86
DE213700,2424.73,487.7,25.99,26.72,42.85,6.31,47.3,46.3,0,0.08,2.41,0.04,0.1,15.65,218.47,1.19,3.86
DE213710,4245.69,434.66,26.77,26.74,41.66,6.25,50.06,43.48,0.01,0.21,2.23,0.07,0.08,15.7,221.89,1.19,3.86
DE213720,11997.71,411.54,25.91,26.45,40.97,7.67,50.5,41.56,0,0.26,2.16,0.08,0.07,14.71,220.67,1.19,3.86
DE213730,12704.18,405.69,26,26.28,41,7.67,50.79,41.24,0,0.3,2.1,0.11,0.07,15.03,220.94,1.19,3.86
DE213740,14004.16,392.79,26.11,25.72,41.28,7.83,52.91,38.92,0,0.33,2.08,0.09,0.05,14.97,223.18,1.19,3.86
DE213770,54.47,711.61,26.75,27.47,45.09,3.86,13.46,82.68,0,0,3.03,0.05,0.17,15.84,204.28,1.19,3.86
DE213780,312.84,525.64,24.93,28.86,41.72,5.57,57.17,37.26,0,0,2.52,0.07,0.11,16.76,223.58,1.19,3.86
DE213800,62.57,399.05,22.55,28.08,39.33,10.91,63.31,25.78,0,0,2.09,0.15,0.07,17.42,234.53,1.19,3.86
DE213820,244.46,520.01,25.91,28.05,42.69,4.79,54.51,40.7,0,0,2.53,0.03,0.11,16.92,223.21,1.19,3.86
DE213830,247.2,518.57,25.87,28.05,42.69,4.82,54.48,40.71,0,0,2.56,0.02,0.1,17.15,223.93,1.19,3.86
DE213840,33.42,551.65,25.37,28.65,43.37,3.47,53.1,43.43,0,0,2.54,0.05,0.11,17.38,225.28,1.19,3.86
DE213850,64.45,584.06,27.7,28.01,43.88,1.1,43.95,54.95,0,0,2.67,0,0.13,16.89,220,1.19,3.86
DE213860,139.43,527.99,26.5,27.69,43.28,3.22,51.87,44.9,0,0,2.57,0.02,0.12,16.65,221.67,1.19,3.86
DE213870,34.52,496.53,28.2,26.2,42.18,3.83,52.51,43.66,0,0,2.16,0.06,0.09,18.34,239.27,1.19,3.87
DE213880,71.05,487.36,28.31,26.48,43.27,2.26,52.33,45.42,0,0,2.13,0.07,0.09,18.14,238.2,1.19,3.87
DE213890,336.57,491.32,25.22,26.91,40.89,9.48,53.44,37.08,0,0,2.28,0.09,0.1,16.84,227.47,1.19,3.87
DE213900,503.84,457.48,25.01,27.73,41.45,8.08,53.76,38.16,0,0,2.2,0.09,0.09,16.74,228.74,1.19,3.87
DE213910,63.84,456.01,28.19,27.5,42.41,2.06,68.98,28.96,0,0,2.14,0.08,0.09,17.56,233.84,1.19,3.87
DE213920,75.68,638.18,26.38,27.72,43.51,5.73,30.64,63.63,0,0,2.87,0.05,0.15,16.49,218.92,1.19,3.87
DE213930,69.19,472.88,30.48,24.34,44.08,1.82,56.18,42,0,0,2.27,0.05,0.09,17.42,228.67,1.19,3.87
DE213940,56.54,629.38,24.71,25.96,47.28,3.95,26.1,69.94,0,0,2.68,0,0.15,16.84,218.65,1.19,3.87
DE213950,118.72,608.92,24.92,25.97,47.21,1.94,18.74,78.49,0,0.83,2.83,-0.06,0.12,16.23,214.59,1.19,3.87
DE213960,252.49,580.32,26.01,26.58,45.63,2.63,17.59,79.39,0,0.39,2.79,-0.04,0.13,16.42,216.55,1.19,3.87
DE213970,713.8,529.93,26.33,25.59,44.86,4.84,32.15,62.88,0,0.14,2.62,-0.01,0.12,16.09,216.61,1.19,3.87
DE214000,12.57,628.18,25.41,24.61,49.99,0,13.85,86.15,0,0,2.79,-0.06,0.15,16.98,217.23,1.19,3.87
DE214010,35.11,611.05,27.08,27.03,43.64,3.27,26.44,70.28,0,0,2.81,-0.04,0.15,16.93,217.13,1.19,3.87
DE214020,96.03,575.97,26.75,27.34,44.29,2.69,17.76,79.54,0,0,2.8,-0.02,0.14,16.52,216.38,1.19,3.87
DE214030,143.31,588.44,25.82,24.64,47.33,4.61,28.02,67.37,0,0,2.81,-0.08,0.15,17.15,217.03,1.19,3.87
DE214040,11.13,606.33,24.58,25.17,47.6,2.52,28.33,69.15,0,0,2.96,-0.12,0.14,17.69,218.33,1.19,3.87
DE214050,95.39,571.97,25.99,25.32,46.97,2.01,27.57,70.42,0,0,2.67,-0.04,0.13,16.67,213.78,1.19,3.87
DE214060,46.63,593.5,25.41,25.58,47.92,1.3,22.13,76.57,0,0,2.74,-0.06,0.14,17.33,219.26,1.19,3.87
DE214070,147.07,598.23,25.64,24.88,45.08,9.95,24.33,65.71,0,0,2.93,-0.12,0.12,17.35,216.52,1.19,3.87
DE214080,128.68,568.51,28.76,24.48,45.11,3.89,40.01,55.9,0,0.2,2.88,-0.12,0.12,17.52,217.93,1.19,3.87
DE214090,363.05,458.65,27.67,23.95,40.54,10.95,44.2,44.57,0.07,0.22,2.39,0.01,0.1,17.28,225.44,1.19,3.87
DE214100,955.28,384.73,28.37,26.5,39.9,7.13,54.69,38.07,0.03,0.08,2.08,0.07,0.07,17.29,232.38,1.19,3.87
DE214110,69.8,435.4,26.47,23.56,38.3,18.18,30.69,51.13,0,0,2.42,-0.02,0.09,17.97,229.96,1.19,3.87
DE214120,18.61,467.9,31.69,24.59,43.72,0,44.41,55.59,0,0,2.35,0,0.08,17.9,234.27,1.19,3.87
DE214130,33.79,457.21,32.04,24.82,42.96,0.35,38.01,61.64,0,0,2.33,0.01,0.08,18,232.61,1.19,3.87
DE214140,35.19,357.83,28.75,26.99,41.24,2.98,82.44,14.58,0,0,2.07,0.06,0.06,18.35,237.77,1.19,3.87
DE214150,52.62,349.55,27.92,26.76,40.73,4.97,76.22,17.35,0.46,1.01,1.91,0.14,0.06,18.73,246.68,1.19,3.87
DE214160,378.79,342.45,29.48,27.97,39.91,3.35,59.46,37.18,0,0,1.89,0.12,0.06,17.72,238.96,1.19,3.88
DE214170,163.26,338.42,30.47,28.47,39.46,1.57,57.71,40.72,0,0,1.81,0.13,0.06,17.43,231.46,1.19,3.88
DE214190,161.94,367.83,29.59,27.95,41.31,1.24,43.78,54.98,0,0,1.82,0.11,0.06,17.56,228.6,1.19,3.88
DE214200,377.81,352.22,28,27.59,42.12,2.56,46.13,51.31,0,0,1.88,0.12,0.06,18.22,240.65,1.19,3.88
DE214210,37.94,362.81,28.18,27.23,40.64,5.44,53.12,41.44,0,0,1.85,0.11,0.06,18.78,245.39,1.19,3.88
DE214220,3859.21,423.44,24.54,26.62,39.45,10.44,46.47,42.69,0,0.4,2.07,0.15,0.07,16.2,228.52,1.19,3.88
DE214230,6979.66,404.69,25.42,26.28,40.59,8.45,51.28,39.97,0,0.29,2.06,0.14,0.07,15.7,226.12,1.19,3.88
DE214240,961.48,435.93,25.96,25.76,40.54,7.52,52.15,38.84,0,1.49,1.95,0.2,0.06,16.92,237.25,1.19,3.88
DE214250,1815.46,425.02,24.52,27.43,39.41,9.49,47.41,42.32,0,0.79,1.98,0.21,0.07,16.68,233.13,1.19,3.88
DE214260,24.8,468.23,32.66,21.05,44.02,2.96,48.28,48.76,0,0,1.8,0.1,0.05,20.5,256.34,1.19,3.88
DE214270,65.04,465.94,32.47,22.05,43.17,2.34,52.01,45.65,0,0,1.88,0.11,0.06,17.98,243.31,1.19,3.88
DE214280,118.53,458.82,30.94,22.03,42.47,4.38,57.66,37.95,0,0,1.91,0.16,0.07,17.99,241.07,1.19,3.88
DE214290,375.75,443.82,27.11,26.13,40.4,7.5,57.51,34.99,0,0,1.9,0.17,0.07,17.6,239.83,1.19,3.89
DE214310,30.45,461.38,25.85,22.22,42.43,9.94,70.51,19.55,0,0,1.94,0.27,0.06,19.31,246.25,1.19,3.89
DE214320,162.72,462.83,26.35,22.87,44.08,8.58,69.02,22.41,0,0,1.98,0.24,0.06,17.68,231.51,1.19,3.89
DE214330,254.08,453.76,25.68,22.65,41.58,6.32,57.69,31.24,0,4.75,1.95,0.23,0.06,18.24,241.6,1.19,3.89
DE214340,38.56,489.93,28.6,22.8,46.32,2.53,78.88,18.59,0,0,2.05,0.23,0.07,18.25,238.87,1.19,3.89
DE214350,176.37,414.69,24.4,27.42,39.64,8.29,47.3,43.3,0,1.11,2.03,0.23,0.06,17.9,240.93,1.19,3.89
DE214360,124.1,411.99,23.73,33.55,39.34,5.29,51,43.72,0,0,1.88,0.2,0.06,18.21,244.04,1.19,3.89
DE214370,208.23,492.99,26.43,24.86,40.01,10.57,54.58,34.85,0,0,2.41,0.09,0.09,16.67,221.67,1.19,3.89
DE214380,322.15,460.9,24.94,26.64,38.69,12.71,42.56,44.73,0,0,2.31,0.13,0.08,16.54,219.12,1.19,3.89
DE214400,47.29,412.35,27.2,27.35,41.09,4.63,73.58,21.79,0,0,1.81,0.16,0.06,18.1,248.59,1.19,3.89
DE214410,294.04,402.64,25.42,30.33,40.8,3.8,66.07,30.13,0,0,1.71,0.22,0.05,18.34,254.31,1.19,3.89
DE214420,78.64,430.97,27.19,26.98,43.32,3.32,60.58,36.09,0,0,1.86,0.17,0.06,17.82,245.98,1.19,3.89
DE214430,96.31,495.64,27.82,25.35,43.06,5.34,49.51,45.15,0,0,2.27,0.02,0.08,18,239.39,1.19,3.89
DE214440,315.89,487.48,28.15,26.44,42.77,3.75,41.86,54.39,0,0,2.36,0.02,0.08,18,233.29,1.19,3.9
DE214450,470.53,488.43,28.43,25.66,44.01,3.27,41.78,54.95,0,0,2.42,0.02,0.09,17.35,228.55,1.19,3.9
DE214460,942.24,480.79,28.21,24.83,43.95,4.21,45.08,50.61,0,0.1,2.47,0.01,0.09,17.31,227.36,1.18,3.9
DE214470,1188.13,458.38,26.38,25.16,41.77,8.49,38.65,52.76,0,0.11,2.37,0.07,0.08,16.78,226.61,1.18,3.9
DE214480,102.27,504.1,29.04,22.5,46.63,2.34,49.53,48.13,0,0,2.42,0.03,0.09,17.57,229.28,1.18,3.9
DE214490,62.89,489.33,28.18,24.36,45,5.27,43.44,51.29,0,0,2.72,-0.05,0.1,16.86,225.85,1.18,3.9
DE214500,80.45,414.3,24.03,31.34,37.61,9.05,28.23,62.71,0,0,2.28,0.12,0.07,18.48,234.28,1.18,3.9
DE214510,76.42,410.02,29.94,25.9,42.53,1.83,59.36,38.81,0,0,1.85,0.17,0.06,18.16,245.35,1.18,3.9
DE214520,170.3,395.22,27.59,27.15,42.11,3.49,63.97,32.54,0,0,1.85,0.17,0.06,17.71,243.79,1.18,3.9
DE214530,246.17,382.37,25.72,27.57,40.89,6.13,65.3,28.58,0,0,1.85,0.16,0.06,17.78,244.39,1.18,3.9
DE214540,35.42,378.29,22.12,31.54,37.34,8.45,29.97,61.58,0,0,2,0.17,0.05,18.55,242.27,1.18,3.9
DE214550,41.91,396.95,26.84,28.44,44.04,0.6,60.36,39.04,0,0,1.92,0.15,0.06,18.14,244.21,1.18,3.9
DE214560,167.08,360.3,23.92,27.38,41.17,8.63,60.25,30.62,0,0.49,1.92,0.14,0.06,17.94,243.47,1.18,3.9
DE214570,79.57,430.89,27.15,25.96,41.98,6.56,71.49,21.95,0,0,2.37,0.06,0.08,17.07,224.83,1.18,3.9
DE214580,185.41,385.09,24.63,26.81,38.95,11.62,63.9,24.49,0,0,2.21,0.11,0.07,17.65,232.99,1.18,3.91
DE214590,134.16,471.16,29.81,25.12,43.84,2.32,59.6,38.08,0,0,2.32,0.03,0.09,17.38,227.41,1.18,3.91
DE214600,433.47,460.98,29.5,24.94,44.24,2.01,59.79,38.19,0,0,2.2,0.07,0.07,17.67,237.7,1.18,3.91
DE214610,662.2,464.6,29.35,25.25,44.15,2.21,55.3,42.49,0,0,2.33,0.02,0.09,16.91,228.09,1.18,3.91
DE214630,116.13,487.18,27.98,26.46,44.09,3.71,40.41,55.88,0,0,2.48,-0.01,0.09,17.67,229.54,1.18,3.91
DE214640,83.85,477.69,30.67,22.58,45.37,1.2,59.16,39.64,0,0,2.51,0.02,0.09,17.56,230.3,1.18,3.91
DE214650,61.98,511.64,29.01,24.46,45.9,2.48,49.21,48.31,0,0,2.58,-0.03,0.1,17.09,221.56,1.18,3.91
DE214660,98.19,378.85,30.42,19.68,44.56,5.82,74.74,19.44,0,0,1.77,0.14,0.05,18.33,247.94,1.18,3.91
DE214670,280.26,354.55,29.38,21.78,43.87,5.5,76.27,18.23,0,0,1.77,0.19,0.06,17.47,239.15,1.18,3.91
DE214680,687.69,353.74,27.81,23.58,44.65,4.09,64.53,31.38,0,0,1.84,0.15,0.05,17.65,242.68,1.18,3.91
DE214690,948.73,344.02,26.71,25.03,43.53,4.61,62.39,32.97,0,0.03,1.85,0.17,0.06,17.43,240.41,1.18,3.91
DE214700,985.94,342.27,26.63,25.33,43.36,4.49,61.7,33.73,0,0.07,1.73,0.11,0.05,17.8,252.03,1.18,3.91
DE214710,64.62,374.47,26.96,24.04,46.49,2.67,55.43,41.9,0,0,1.95,0.12,0.06,18,242.37,1.18,3.91
DE214720,280.53,346.34,26.01,28.06,42.65,3.6,59.6,36.8,0,0,1.91,0.12,0.06,18,239.61,1.18,3.91
DE214730,110.35,377.31,27.17,24.91,46.88,0.58,35.14,64.28,0,0,2.12,0.05,0.06,18.18,238.29,1.18,3.91
DE214740,297.89,360.04,26.6,26.24,45.41,1.52,40.71,57.77,0,0,2.02,0.09,0.06,17.68,238.81,1.18,3.92
DE214750,139.62,310.83,29.2,25.07,42.34,3.77,70.02,26.21,0,0,1.87,0.09,0.05,18.8,246.62,1.18,3.92
DE214760,15.85,375.74,29.36,27.02,42.04,2.16,40.8,57.05,0,0,1.98,0.15,0.06,17.75,242.99,1.18,3.92
DE214770,43.37,297.96,28.67,24.49,38.9,7.69,66.11,26.2,0,0,1.85,0.18,0.05,17.77,244.18,1.18,3.92
DE214780,77.66,293.56,29.02,24.4,43.43,2.81,74.18,23,0,0,1.92,0.14,0.04,17.43,241.41,1.18,3.92
DE214790,79.29,292.07,26.09,25.28,42.33,6.52,64.13,29.35,0,0,1.81,0.2,0.04,18.18,246.31,1.18,3.92
DE214800,149.77,301.46,29.08,19.8,47.39,4.02,85.04,10.94,0,0,1.8,0.2,0.04,17.43,246.49,1.18,3.92
DE214810,126.75,277.97,27.18,14.05,45.09,15.41,70.45,14.14,0,0,1.67,0.14,0.04,19.25,251.31,1.18,3.92
DE214830,332.89,285.47,29.7,17.19,47.11,7.16,77.5,15.34,0,0,1.76,0.08,0.05,18.29,246.96,1.18,3.92
DE214840,598.29,283.91,29.48,18.01,48.02,5.54,67.56,26.9,0,0,1.78,0.07,0.04,18.33,245.16,1.18,3.92
DE214850,89.3,321.71,29.39,23.95,43.08,3.06,76.27,20.66,0,0,1.72,0.16,0.05,19,249.73,1.18,3.92
DE214860,1042.76,396.43,28.75,22.59,45.27,4.07,60.89,34.96,0.09,0,1.98,0.04,0.08,17.35,232.34,1.18,3.92
DE214880,1581.27,383.04,28.75,22.1,45.49,4.55,57.22,38.15,0.06,0.02,1.97,0.05,0.07,17.06,233.18,1.18,3.93
DE214890,2124.97,374.98,28.46,22.5,45.58,4.34,53.55,42.05,0.04,0.02,2,0.04,0.07,16.87,231.63,1.18,3.93
DE214900,155.28,352.29,28.59,26.87,42.49,3.21,69.86,26.93,0,0,1.81,0.12,0.06,17.7,242.38,1.18,3.93
DE214910,63.79,592.57,28.06,21.95,47.48,3.39,53.52,42.32,0.77,0,2.44,-0.05,0.12,16.46,223.72,1.18,3.93
DE214920,435.35,439.25,29.26,21.91,46.19,3.08,55.58,41.13,0.21,0,2.04,-0.01,0.09,17.81,234.74,1.18,3.93
DE214930,40.96,452.39,28.79,24.45,46.76,0.61,25.94,73.45,0,0,2.13,-0.09,0.09,17.61,232.88,1.18,3.93
DE214940,92.28,475.36,29.14,21.94,46.61,1.92,49.6,48.48,0,0,2.09,-0.09,0.09,18.48,238.76,1.18,3.93
DE214950,47.89,664.21,28.36,23.3,45.03,5.41,42.6,51.99,0,0,2.85,-0.12,0.13,17.44,221.48,1.18,3.93
DE214960,112.31,535.25,28.2,24.5,45.42,3.77,36.79,59.44,0,0,2.54,-0.09,0.11,16.95,222.48,1.18,3.93
DE214970,152.76,339.19,30.06,21.24,46.01,3.1,66.66,30.03,0,0.21,1.81,0.1,0.06,19.28,248.07,1.18,3.93
DE214980,76.53,433.27,27.8,25.01,45.1,3.29,46.84,49.87,0,0,2.26,-0.03,0.07,17.82,230.3,1.18,3.93
DE214990,12.34,407.53,26.49,26.01,44.46,6.82,61.22,31.96,0,0,2.2,-0.03,0.07,18.6,232.89,1.18,3.93
DE215010,91.3,600.85,28.62,22.77,44.74,6.35,25.83,67.82,0,0,2.75,-0.05,0.12,16.15,216.57,1.18,3.93
DE215020,462.9,459.17,28.67,23.21,46.18,3.5,27.99,68.51,0,0,2.55,-0.03,0.09,16.35,218.87,1.18,3.93
DE215030,619.34,433.09,28.34,23.47,46.34,3.21,24.03,72.77,0,0,2.53,-0.06,0.08,16.49,220.95,1.18,3.93
DE215040,68.87,428.12,28.71,22.9,46.69,3.44,25.61,70.95,0,0,2.87,-0.11,0.07,16.93,220.6,1.18,3.93
DE215050,218.12,402.29,27.98,24.46,45.67,3.51,19.92,76.58,0,0,2.84,-0.09,0.07,16.91,219.49,1.18,3.93
DE215060,147.07,397.25,27.38,24.59,46.65,2.89,14.58,82.53,0,0,2.61,-0.13,0.07,17.8,225.64,1.18,3.93
DE215080,120.44,300.21,27.86,13.56,52.65,6.78,62.25,30.97,0,0,1.8,0.1,0.04,18.81,247.52,1.18,3.93
DE215090,75.16,436.96,33.87,20.15,44.13,2.89,74.67,22.44,0,0,2.13,0.06,0.07,17.45,235.64,1.18,3.93
DE215100,166.94,335.57,30.34,16.43,49.29,3.76,88.99,7.25,0,0,1.78,0.2,0.05,17.86,246.72,1.18,3.93
DE215110,242.14,364.35,29.68,19.29,48.64,3.76,51.1,45.14,0,0,2.02,0.04,0.05,17.98,238.05,1.18,3.93
DE215120,399.68,401.83,26.49,22.32,47.81,5.72,31.14,63.15,0,0,2.3,-0.02,0.06,17.99,230.64,1.18,3.94
DE215140,81.29,389.51,26.7,24.98,46.93,2.91,14.86,82.23,0,0,2.53,-0.02,0.06,18.03,226.51,1.18,3.94
DE215150,144.09,360.29,26.03,24.7,46.88,3.45,24.37,72.18,0,0,2.39,0.06,0.06,17.19,225.65,1.18,3.94
DE215160,142.71,293.42,24.41,23.39,43.8,9.26,36.15,54.59,0,0,2.5,0.02,0.05,17.36,228.23,1.18,3.94
DE215170,64.79,352.79,26.5,23.07,47.14,5.39,37.67,56.94,0,0,2.61,-0.03,0.05,17.58,226.64,1.18,3.94
DE215180,181.42,302.93,25.95,23.39,44.61,8.86,44.18,46.96,0,0,2.44,0.03,0.04,17.35,228.25,1.18,3.94
DE215190,114.42,651.96,23.95,32.15,41.03,1.93,46.87,50.75,0,0.45,2.68,0.05,0.15,16.51,218.06,1.18,3.94
DE215220,122.29,627.84,23.04,32.05,39.67,7.13,47.34,45.52,0,0,2.41,0.03,0.14,17.54,229.12,1.18,3.94
DE215240,70.39,632.16,22.72,32.46,37.72,8.88,50.59,40.53,0,0,2.34,0.02,0.13,18.25,233.88,1.18,3.94
DE215270,47.03,602.04,23.73,33.05,40.34,4.49,66.9,28.6,0,0,2.58,0.04,0.11,17.35,225.79,1.18,3.94
DE215280,231.34,585.38,22.39,32.98,39.55,5.65,60.62,33.26,0,0.47,2.33,0.08,0.12,16.33,218.16,1.18,3.94
DE215340,201.74,601.25,24.54,29.65,40.96,6.18,62.57,31.25,0,0,2.49,0.02,0.13,16.3,212.73,1.18,3.94
DE410020,380.6,58.84,10.05,60.99,20.04,2.83,71.93,17.03,1.52,6.69,1.51,0.25,0.06,17.14,241.92,1.18,3.94
DE410030,130.35,74.25,11.53,64.79,22,2.68,88.15,8.67,0.28,0.21,1.57,0.21,0.08,16.16,227.1,1.18,3.94
DE410130,48.98,128.81,9.56,60.14,17.31,15.66,29.99,49.04,0,5.31,1.72,0.21,0.05,15.96,220.8,1.18,3.94
DE410140,156.8,155.73,12.47,58.68,23.11,5.57,34.65,58.01,0.29,1.48,1.81,0.22,0.05,17.87,246.66,1.18,3.94
DE410150,198.28,113.81,10.11,60.26,18.84,9,22.81,63.46,0.85,3.88,1.62,0.18,0.05,16.18,222.1,1.18,3.94
DE410160,254.91,199.9,15.46,47.63,31.88,8.01,41.93,49.84,0.11,0.1,1.94,0.19,0.06,16.27,223.9,1.18,3.94
DE410170,244.44,203.61,15.68,47.41,32.44,7.19,41.68,50.91,0.11,0.11,1.94,0.19,0.06,16.29,224.89,1.18,3.94
DE410180,869.95,182.69,16.12,43.1,32.5,8.9,65.34,24.62,0.03,1.11,1.87,0.21,0.06,16.27,219.24,1.18,3.94
DE410210,620.24,117.87,9.95,66.83,18.99,6.04,45.09,48.49,0,0.38,1.6,0.22,0.06,17.05,244.35,1.18,3.94
DE410230,235.44,106.7,8.69,72.8,17.12,2.71,57.41,39.7,0,0.18,1.56,0.23,0.06,17.81,254.1,1.18,3.94
DE410260,1890.89,74.53,8.99,67.63,16.3,3.73,38.03,53.61,0.32,4.31,1.6,0.18,0.05,17.44,247.09,1.18,3.94
DE410610,323.42,75.18,8.28,73.11,16.08,3.91,67.56,27.9,0.64,0,1.52,0.24,0.06,16.83,247.71,1.18,3.95
DE410730,80.92,72.31,7.04,75.13,14.22,7.74,76.51,15.45,0,0.3,1.58,0.19,0.06,18.83,255.97,1.18,3.95
DE410790,180.9,78.91,7.6,64.64,16.44,15.62,69.72,14.25,0.16,0.25,1.71,0.22,0.05,16.33,226.39,1.18,3.95
DE410800,109.98,86.58,8.77,67.97,18.63,8.83,71.92,19.25,0,0,1.66,0.16,0.04,15.69,218.42,1.18,3.95
DE410810,528.75,94.7,8.55,73.78,15.96,2.8,42.93,54.04,0.09,0.14,1.57,0.22,0.06,17.14,252.61,1.18,3.95
DE410820,22.02,106.06,8.97,70.22,17.48,4.14,50.83,45.04,0,0,1.57,0.18,0.05,15.41,224.27,1.18,3.95
DE410830,285.82,112.29,8.96,70.85,18.68,2.37,55.08,42.43,0,0.12,1.58,0.22,0.06,16.98,244.43,1.18,3.95
DE410860,676.03,86.61,8.08,75.45,14.63,2.53,38.04,58.9,0.12,0.41,1.57,0.21,0.05,17.41,252.8,1.18,3.95
DE410910,88.54,55.72,6.3,68.66,9.97,3.59,23.47,62.03,0,10.91,1.61,0.25,0.05,17.16,244.34,1.18,3.95
DE410970,588.44,49.7,7.6,68.7,10.71,17.43,46.41,33.37,0.91,1.88,1.56,0.24,0.05,17.64,252.65,1.18,3.95
DE411020,47.19,59.86,7.48,70.57,11.51,8.25,9.31,75.7,0,6.74,1.49,0.23,0.05,16.86,236.77,1.18,3.95
DE411040,71.53,56.42,7.35,69.13,10.67,9.72,15.54,67.19,0,7.56,1.46,0.26,0.05,15.78,222.93,1.18,3.95
DE411060,24.33,49.42,6.5,59.9,8.4,13.98,5.37,65.08,0,15.58,1.55,0.21,0.05,17.12,241.36,1.18,3.96
DE411100,47.71,47.83,6.27,58.31,8.13,22.97,10.99,54.4,0,11.63,1.55,0.28,0.05,16.54,229.78,1.18,3.96
DE411150,23.58,59.38,8.35,73.17,12.43,2.53,20.86,72.93,0,3.69,1.43,0.23,0.04,15.54,222.17,1.18,3.96
DE411170,6.43,71.46,5.99,68.44,10.7,2.05,5.65,82.97,0,9.33,1.6,0.25,0.05,15.69,221.11,1.18,3.96
DE411180,28.15,73.76,6.61,66.41,13.29,13.79,75.85,10.36,0,0,1.69,0.23,0.05,15.72,229.61,1.18,3.96
DE411200,432.19,88.71,9.78,66.87,18.13,7.58,59.63,32.79,0,0,1.48,0.21,0.05,17.79,255.45,1.18,3.96
DE411220,1794.61,68.79,9.41,70.34,15.85,6.13,46.78,46.42,0.11,0.56,1.5,0.23,0.06,17.18,253.74,1.18,3.96
DE411230,203.64,76.26,9.9,72.31,16.57,2.37,35.1,62.53,0,0,1.49,0.24,0.05,17.71,256.86,1.18,3.96
DE411240,1759,69,9.43,70.5,15.89,5.82,47.38,46.11,0.12,0.58,1.51,0.23,0.06,17.18,253.64,1.18,3.96
DE411270,87.74,58.16,9.24,73.93,14.31,2.65,32.39,64.65,0,0.31,1.54,0.31,0.05,19.19,264.23,1.18,3.96
DE411280,239.2,119.21,11.98,63.3,23.34,1.58,54.56,43.69,0,0.16,1.62,0.15,0.06,17.32,238.51,1.18,3.96
DE411290,465.23,97.72,11.25,65.56,21.43,2.67,54.03,43.22,0,0.08,1.57,0.17,0.06,17.88,253.92,1.18,3.97
DE411300,472.48,97.04,11.2,65.67,21.33,2.68,54.05,43.19,0,0.08,1.57,0.17,0.06,17.71,254.01,1.18,3.97
DE411310,85.24,150.48,11.48,64.13,23.64,0.82,40.34,58.83,0,0,1.67,0.07,0.07,18.6,249.99,1.18,3.97
DE411320,515.06,93.36,10.99,65.92,20.92,3.19,53.97,42.6,0.07,0.17,1.56,0.18,0.06,17.76,253.13,1.18,3.97
DE411340,773.43,66.05,9.58,70.87,15.98,4.78,40.76,53.39,0.18,0.88,1.54,0.22,0.05,16.72,253.07,1.18,3.97
DE411350,773.43,66.05,9.58,70.87,15.98,4.78,40.76,53.39,0.18,0.88,1.55,0.25,0.05,17.71,255.69,1.18,3.97
DE411390,331.42,98.38,11.27,66.37,21.56,1.76,40.93,57.31,0,0,1.56,0.16,0.07,17.91,251.36,1.18,3.97
DE411400,334.14,97.96,11.24,66.49,21.48,1.75,40.59,57.66,0,0,1.57,0.19,0.06,17.88,252.71,1.18,3.97
DE411410,107.74,108.77,11.34,66.44,21.81,0.85,23.91,75.24,0,0,1.61,0.2,0.05,17.68,253.32,1.18,3.97
DE411440,1671.85,70.3,9.43,70.5,15.94,5.74,46.39,47.15,0.12,0.61,1.53,0.26,0.05,17.3,253.98,1.18,3.97
DE411720,353.03,58.04,10.43,72.81,14.82,3.64,59.95,36.16,0.08,0.17,1.66,0.24,0.04,18.47,252.3,1.18,3.97
DE411730,753.96,75.6,8.7,73.68,15.38,2.73,55.36,40.89,0.13,0.89,1.6,0.12,0.05,17.9,249.22,1.18,3.97
DE411750,44.22,90.47,7.96,72.87,18.58,1.31,93.9,4.79,0,0,1.59,0.15,0.05,17.7,250.62,1.18,3.97
DE411760,209.98,88.6,8.8,73.35,16.93,3.25,68.95,27.56,0.24,0,1.56,0.12,0.05,17.23,232.09,1.18,3.97
DE411770,536.84,81.96,8.7,74.08,15.94,2.83,56.52,40.47,0.18,0,1.66,0.14,0.04,18.41,248.59,1.18,3.97
DE411790,844.76,71.75,8.99,73.39,15.17,3.16,58.7,37.17,0.11,0.86,1.68,0.2,0.04,17.2,246.9,1.18,3.98
DE411810,76.34,82.54,8.43,70.58,16.96,5.67,84.45,9.88,0,0,1.61,0.11,0.05,18.79,251.88,1.18,3.98
DE411850,350.47,63.73,8.97,73.21,16.72,2.4,69.86,27.74,0,0,1.61,0.14,0.03,17.67,253.02,1.18,3.98
DE411920,121.62,61.49,8.69,73.22,17.12,1.74,83.12,15.14,0,0,1.66,0.2,0.04,18.46,252.77,1.18,3.98
DE411940,289.13,56.73,8.84,72.87,17.09,1.86,76.35,21.6,0,0.2,1.62,0.16,0.05,16,226.04,1.18,3.98
DE411970,731.78,75.91,8.66,70.9,18.57,2.97,82.14,14.77,0,0.12,1.69,0.18,0.04,18.25,246.65,1.18,3.98
DE412000,544.73,80.48,8.58,70.93,18.41,3.15,84.12,12.57,0,0.16,1.66,0.14,0.05,17.74,245.56,1.18,3.98
DE412010,280.89,83.37,8.54,71.35,18.46,2.65,81.63,15.56,0,0.15,1.7,0.19,0.04,17.64,246.24,1.18,3.98
DE412020,65.8,62.32,9.07,69.26,20.16,2.39,85.65,11.96,0,0,1.67,0.2,0.04,19.4,250.88,1.18,3.98
DE412050,74.5,92.72,8.13,71.69,18.12,2.16,91.06,6.18,0,0.6,1.65,0.12,0.05,18.3,248.39,1.18,3.98
DE412060,44.71,87.37,8.25,71.76,18.4,3.45,85.31,11.23,0,0,1.72,0.16,0.04,18.29,248.95,1.18,3.98
DE412070,147.15,88.38,8.15,69.95,17.89,5.51,86.64,7.54,0,0.31,1.7,0.17,0.05,17.43,247.25,1.18,3.98
DE412080,275.45,53.92,8.91,68.79,21.31,1.82,78.51,19.66,0,0,1.69,0.17,0.04,18.82,249.19,1.18,3.98
DE412090,465.84,49.05,8.45,70.72,19.38,2.41,76.26,21.33,0,0,1.7,0.17,0.05,16.84,236.53,1.18,3.98
DE412200,82.58,140.47,14.16,54.33,28.89,6.82,27.85,65.33,0,0,1.77,0.21,0.06,17.81,248.13,1.18,3.98
DE412210,27.54,135.33,11.49,57.97,23.03,14.96,17.7,67.34,0,0,1.77,0.23,0.06,17.86,248.76,1.18,3.98
DE412220,124.11,105.02,10.48,59.99,21.74,11.63,32.57,53.67,0,2.13,1.69,0.22,0.06,18.31,250.58,1.18,3.98
DE412230,134.45,80.98,6.31,76.03,13.61,4.92,18.53,76.16,0,0.39,1.7,0.19,0.07,16.58,227.55,1.18,3.98
DE412240,106.36,96.63,6.72,74.55,16.25,1.72,37.98,59.45,0,0.85,1.73,0.21,0.06,16.61,239.8,1.18,3.98
DE412260,167.86,79.43,9.07,69.49,16.65,5.81,48.87,44.31,0,1,1.66,0.16,0.05,17.98,251.27,1.18,3.98
DE412270,1043.87,39.14,18.55,53.12,25.65,4.3,75.58,19.02,0.06,1.04,1.49,0.29,0.04,18.32,256.76,1.18,3.98
DE412310,859.52,75.35,9.34,70.65,16.03,6.27,51.13,42.43,0.04,0.13,1.51,0.26,0.05,17.67,254.87,1.18,3.98
DE412320,683.8,82.13,9.7,69.31,17.16,5.7,51.53,42.72,0.05,0,1.49,0.23,0.05,17.33,255.49,1.18,3.98
DE710000,116.23,371.95,25.28,23.9,48.49,2.63,42.29,55.08,0,0,2.18,0.09,0.06,16.56,227.86,1.18,3.98
DE710010,131.88,381.01,25.74,21.87,47.92,6.54,51.47,41.99,0,0,2,0.11,0.06,16.73,238.59,1.18,3.99
DE710020,59.68,363.71,27.03,20.23,50.99,2.23,64.45,33.32,0,0,2.07,0.11,0.05,16.61,235.64,1.18,3.99
DE710030,694.28,390.47,25.23,22.16,45.22,9.41,31.92,58.44,0,0.24,2.5,-0.1,0.06,16.35,219.42,1.18,3.99
DE710040,489.99,542.95,25.86,21.79,50.54,3.66,23.88,72.45,0,0,3.06,-0.15,0.1,15.1,205.89,1.18,3.99
DE710050,2041.99,391.9,26.78,23.5,44.94,6.4,52.51,41.06,0,0.03,2.14,0.06,0.06,15.58,226.15,1.18,3.99
DE710060,74.77,387.36,25.62,26.93,45.14,4.15,41.23,54.62,0,0,1.98,0.08,0.05,17.56,238.08,1.18,3.99
DE710070,135.2,442.09,28.04,21.19,48.47,4.22,48.04,47.73,0,0,2.61,-0.1,0.07,17.69,225.59,1.18,3.99
DE710080,87.51,386.32,29.89,21.55,46.62,2.06,64.61,33.33,0,0,2.68,-0.08,0.06,17.56,225.25,1.18,3.99
DE710090,1618.16,236.21,26.38,18.47,47.28,9.57,58.76,31.45,0.03,0.19,2,0.12,0.04,16.56,232.82,1.18,3.99
DE710100,272.68,331.28,24.59,26.49,46.73,2.84,47.82,49.34,0,0,1.93,0.09,0.06,17.08,235.08,1.18,3.99
DE710110,27.48,320.14,26.48,24.37,42.34,11.7,50.72,37.58,0,0,2.59,0.04,0.05,18.04,229.23,1.18,3.99
DE710120,306.95,476.51,25.13,20.91,49.62,6.88,27.49,65.63,0,0,2.85,-0.12,0.08,15.97,213.83,1.18,3.99
DE710130,149.91,374.3,26.04,22.76,49.56,2.73,46.76,50.51,0,0,2.2,0.06,0.07,16.14,226.06,1.18,3.99
DE710150,117.78,348.91,26.98,21.2,50.21,2.31,60.56,37.13,0,0,1.9,0.09,0.06,16.91,235.41,1.18,3.99
DE710160,92.61,457.01,25.48,20.46,48.18,9.37,45.58,45.05,0,0,2.71,-0.11,0.07,16.77,220.4,1.18,3.99
DE710170,511.79,245.25,25.13,17.7,47.66,12.39,54.12,33.48,0,0,1.84,0.12,0.04,17.48,240.04,1.18,3.99
DE710180,93.91,310.94,27.86,19.87,46.9,7.18,51.48,41.34,0,0,2.41,0.04,0.05,17.42,230.16,1.18,3.99
DE710190,229.27,490.44,26.68,20.69,50.51,2.84,46.15,51.01,0,0,2.47,-0.07,0.1,16,216.91,1.18,3.99
DE710200,250.62,446.63,25.35,20.41,47.59,10.38,27.71,61.91,0,0,2.81,-0.1,0.08,15.46,212.94,1.18,3.99
DE710210,81.62,442.35,24.31,21.05,47.15,10.22,23.5,66.28,0,0,2.94,-0.16,0.07,16.52,214.55,1.18,3.99
DE710220,161.7,397.75,29.58,20.09,45.08,6.82,62.19,30.99,0,0,2.41,-0.07,0.05,17.63,230.74,1.18,3.99
DE710230,92.27,266.21,24.11,18.41,44.12,17.28,46.46,36.26,0,0,2.34,0.11,0.04,17.5,223.82,1.18,3.99
DE710240,138.16,317.84,27.25,21.87,47.24,5.51,62.42,32.07,0,0,1.89,0.18,0.06,16.5,235.11,1.18,3.99
DE710250,23.74,451.36,27.84,17.86,51.51,4.74,78.25,17.01,0,0,2.92,-0.04,0.08,16.46,220.08,1.18,3.99
DE710260,109.26,384.17,25.43,19.14,46.5,10.67,24.76,64.57,0,0,2.18,0.05,0.06,17.22,223.42,1.18,3.99
DE710270,206.45,394.02,25.78,21,49.46,5.97,36.3,57.73,0,0,2.16,0.09,0.06,16.74,230.48,1.18,3.99
DE710280,81.03,344.71,25.21,23.97,43.29,9.86,43.03,47.1,0,0,2.4,-0.08,0.05,18.27,229.64,1.18,3.99
DE710290,44.34,335.22,26.19,22.45,44.23,10.66,52.29,37.05,0,0,2.87,-0.01,0.06,17.47,221.78,1.18,3.99
DE710300,11.09,428.81,29.44,18.43,52.13,0.11,36.58,63.31,0,0,2.59,0.04,0.07,17.42,226.42,1.18,3.99
DE710310,184.2,301.17,24.49,17.66,46.92,14.62,42.12,43.25,0,0,1.93,0.09,0.05,18.14,240.23,1.18,3.99
DE710320,1799.23,439.87,25.68,22.12,48.14,5.02,39.7,54.59,0.03,0.67,2.37,-0.06,0.08,14.8,215.91,1.18,3.99
DE710330,674.1,342.51,28.16,21.68,45.15,5.98,46.75,47.17,0,0.11,2.5,-0.03,0.05,17.55,226.76,1.18,3.99
DE710340,101.03,377.89,25.65,25.33,46.91,2.44,41.08,56.47,0,0,1.98,0.08,0.07,16.72,233.68,1.18,3.99
DE710350,35.63,298.52,26.91,21.6,47.38,2.91,46.72,50.37,0,0,2.6,-0.03,0.04,18.15,228.59,1.18,3.99
DE710360,114.58,334.47,25.94,22,49.93,2.32,60.96,36.4,0,0.32,2,0.12,0.05,16.85,238.01,1.18,3.99
DE710370,183.97,598.2,30.05,21.54,46.54,3.46,61.55,34.85,0.14,0,2.58,0.05,0.13,15.16,216.18,1.18,3.99
DE710380,63,433.71,26.06,21.68,48.89,5.64,20.67,73.69,0,0,2.86,-0.11,0.07,15.92,214.31,1.18,3.99
DE710390,56.86,312.76,27.07,22.64,47.23,5.66,17.09,76.78,0,0.47,2.42,0.06,0.05,17.94,231.62,1.18,3.99
DE710400,323.09,336.29,25.5,22.83,46.36,8.81,35.1,56.02,0,0.07,2.56,-0.02,0.05,18.1,225,1.18,3.99
DE710410,943.58,302.96,27.25,21.15,44.48,8.39,46.36,45.07,0,0.19,2.43,0.02,0.05,16.35,224.01,1.18,3.99
DE710420,477.24,219.27,25,20.06,45.9,10.8,53.37,35.61,0.1,0.12,2.19,0.06,0.03,17.8,232.88,1.18,3.99
DE710430,217.82,362.86,25.94,23.82,46.01,6.59,53.57,39.84,0,0,1.93,0.18,0.06,16.44,235.69,1.18,3.99
DE710440,1762.42,319.78,26.82,22.59,47.11,5.63,58.9,35.34,0,0.13,2.08,0.11,0.06,14.95,215.62,1.18,3.99
DE710450,53.78,421.7,24.43,22.03,46.08,11.81,25.64,62.55,0,0,2.38,0.09,0.08,15.05,218.9,1.18,3.99
DE710460,132.96,359.3,26.05,24.36,44.21,4.95,41.31,53.1,0,0.63,2.21,-0.03,0.06,17.55,230.15,1.18,3.99
DE710470,420.58,384.81,26.86,24.53,44.74,5.33,60.19,34.48,0,0,2.01,0.16,0.06,16.03,229.08,1.18,3.99
DE710490,54.52,630.59,29.67,22.44,45.52,5.88,51.92,42.2,0,0,2.78,0,0.13,16.56,217.85,1.18,3.99
DE710500,48.58,298.39,26.22,22.44,49.59,2.87,43.41,53.72,0,0,2.14,0.12,0.06,16.61,230.67,1.18,3.99
DE710510,224.36,349.34,27.53,21.54,48.61,3.37,59.68,36.95,0,0,2.05,0.12,0.06,16.5,232.67,1.18,3.99
DE710520,188.72,255.53,25.49,23.62,45,8.64,64.39,26.97,0,0,2.02,0.12,0.05,16.92,234.22,1.18,3.99
DE710530,1072.11,233.8,26.07,18.46,47.73,9.58,58.15,31.95,0.05,0.28,1.93,0.13,0.04,17.05,235.31,1.18,3.99
DE710540,146.3,410.53,29.01,22.9,47.32,2.64,23.05,74.31,0,0,2.6,-0.07,0.06,17.18,224.61,1.18,3.99
DE710550,562.29,432.61,28.05,20.51,43.49,10.29,52.04,37.67,0,0,2.35,0.05,0.07,16.26,222.41,1.18,3.99
DE710560,79.46,342.15,27.32,23.41,46.72,2.99,18.46,78.55,0,0,2.65,0.01,0.05,17.39,225.2,1.18,3.99
DE710570,72.14,396,26.16,28.88,43.27,4.08,42.09,53.83,0,0,2.03,0.08,0.06,16.74,233.3,1.18,3.99
DE710580,85.88,355.25,24.63,19.03,47.37,12.17,39.01,48.82,0,0,2.03,0.05,0.05,18.1,238.11,1.18,3.99
DE710590,126.94,288.06,25.18,19.26,49.66,6.63,56.17,37.2,0,0,2.06,0.08,0.05,17.81,238.5,1.18,3.99
DE710600,380.64,227.63,24.16,21.34,41.4,16.98,53.41,29.38,0,0.22,2.4,0.1,0.04,17.06,227.62,1.18,3.99
DE710610,181.68,407.33,29.01,20.19,47.31,4.1,62.33,33.2,0,0.37,2.47,-0.07,0.07,17.85,227.88,1.18,3.99
DE710620,1666.51,348.08,25.14,22.92,47.77,5.83,47.99,46.09,0.03,0.06,2.21,0.02,0.06,16.08,223.81,1.18,3.99
DE710630,24.3,397.68,26.82,22.57,46.01,8.7,17.02,74.27,0,0,2.08,0,0.06,16,209.63,1.18,3.99
DE710640,107.73,426.56,29.32,22.02,45.57,4.04,66.33,29.63,0,0,2.15,0.15,0.06,16.71,230.24,1.18,3.99
DE710650,144.57,397.68,24.8,22.39,46.37,9.25,33.71,57.04,0,0,2.09,0.05,0.06,17.32,234.35,1.18,3.99
DE710660,132.41,386,26.33,23.51,45.4,6.31,32.04,61.48,0,0.17,2.8,-0.08,0.06,17.97,223.11,1.18,3.99
DE710670,85.63,249.26,24.81,20.43,47.87,10.74,53.32,35.94,0,0,2.05,0.09,0.04,17.93,237.28,1.18,4
DE710680,175.88,229,25.15,20.28,47.96,9.65,52.29,38.06,0,0,1.9,0.11,0.04,18,240.1,1.18,4
DE710690,138.18,121.34,23.27,18.11,33.01,31.72,15.71,51.76,0,0.81,1.78,0.15,0.03,18.86,248.55,1.18,4
DE710700,429.68,351.02,26.75,22.28,48.65,3.47,54.44,42.09,0,0,2.1,0.11,0.07,15.97,227.56,1.18,4
DE710710,305.52,316.43,24.63,20.37,48.11,9.14,47.08,43.78,0,0,1.9,0.14,0.05,16.98,237.48,1.18,4
DE710720,526.97,228.25,26.93,19.35,47.73,6.88,61.03,31.43,0.09,0.57,2.04,0.12,0.04,16.27,225.74,1.18,4
DE710730,117.56,358.23,25.45,28.81,44.09,1.98,40.46,57.55,0,0,1.92,0.11,0.05,17.03,240.05,1.18,4
DE710740,175.07,325.87,25.4,26.88,45.24,4.03,50.44,45.53,0,0,2.05,-0.02,0.05,17,235.77,1.18,4
DE710750,70.76,324.66,24.53,18.3,45.59,16.84,38.6,44.57,0,0,2.02,-0.02,0.04,19.24,243.3,1.18,4
DE710760,45.6,305.1,20.04,14.77,38.18,30.92,15.34,53.74,0,0,2.17,-0.09,0.04,19.88,244.48,1.18,4
DE710770,118.99,325.66,27.22,22.52,46.77,6.92,53.89,39.19,0,0,1.94,0.17,0.05,16.58,235.7,1.18,4
DE710780,317.76,364.37,27.67,19.12,50.74,3.51,62.45,34.04,0,0,2.34,0.07,0.06,16.97,229.24,1.18,4
DE710790,170.41,399.93,27.22,24.15,47.56,1.09,18.65,80.27,0,0,1.93,0.11,0.06,16.53,227.91,1.18,4
DE710800,420.59,479.59,28.95,23.36,45.49,3.47,64.68,31.79,0.06,0,2.27,0.09,0.09,15.13,221.07,1.18,4
DE710810,36.02,469.23,25.96,20.52,47.08,6.12,46.06,46.54,0,1.28,2.91,-0.04,0.09,17.2,222.06,1.18,4
DE710820,77.19,503.5,26.61,21.7,47.63,8.09,21.29,70.62,0,0,2.27,0.08,0.08,15.89,217.18,1.18,4
DE710830,251.18,348.36,25.1,25.69,45.65,4.93,55.87,39.2,0,0,1.94,0.13,0.05,16.67,238.21,1.18,4
DE710840,69.25,475.52,30.28,21.91,45.85,3.48,43.87,52.65,0,0,2.41,0.02,0.07,17.04,225.66,1.18,4
DE710850,41.07,297.26,26.55,21.64,51.2,3.39,30.97,65.64,0,0,2.22,0.06,0.05,17.42,232.4,1.18,4
DE710860,28.86,504,28.94,20.73,48.8,4.26,52.54,43.2,0,0,3.17,-0.2,0.09,17.86,216.1,1.18,4
DE710870,28.07,505.89,26.01,20.99,46.95,6.79,50.92,42.29,0,0,3,-0.06,0.09,17.16,220.8,1.18,4
DE710890,78.52,459.25,29.4,23.71,45.8,2.26,59.95,37.79,0,0,2.19,0.13,0.06,16.24,229.01,1.18,4
DE710900,116.32,361.7,28.92,21.04,44.63,7.59,56.48,35.94,0,0,2.42,-0.03,0.06,17.19,227.23,1.18,4
DE710910,24.61,507.51,29.03,20.22,49.6,1.91,58.17,39.92,0,0,3.12,-0.07,0.1,16.33,216.44,1.18,4
DE710920,127.67,350.82,26.86,20.55,48.43,5.47,56.21,37.96,0,0.36,2.5,0.03,0.06,16.83,226.59,1.18,4
DE710930,989.92,324.04,24.68,25.63,45.69,4.97,56.52,38.18,0,0.33,1.92,0.13,0.05,16.26,235.15,1.18,4
DE710940,112.17,350.73,29.72,20.91,45.6,5.19,62.69,32.12,0,0,2.59,-0.06,0.05,17.58,226.89,1.18,4
DE710950,393.88,271.99,27.58,19.23,46.44,7.95,54.36,37.69,0,0,2.27,0.08,0.04,16.81,229.71,1.18,4
DE810010,439.58,51.31,14.45,50.18,32.14,3.35,87.1,8.88,0,0.67,1.77,0.14,0.04,16.72,241.29,1.18,4
DE810020,242.05,54.8,13.66,51.19,31.8,3.2,87.54,8.45,0,0.82,1.76,0.14,0.04,14.26,205.71,1.18,4
DE810030,93.87,60.08,13.39,50.67,32.52,2.34,87.29,8.97,0,1.4,1.84,0.16,0.04,17.31,238.93,1.18,4
DE810050,126.5,41.04,15.94,49.94,30.54,1.47,90.29,5.94,0.59,1.72,1.82,0.11,0.04,15.6,220.97,1.18,4
DE810060,162.66,51.12,15.62,48.51,32.8,3.4,87.95,8.05,0,0.6,1.76,0.15,0.04,10.25,141.74,1.18,4
DE810080,20.28,54.24,14.56,46.94,32.15,6.11,90.73,3.16,0,0,1.75,0.2,0.06,15.69,213.41,1.18,4
DE810090,20.52,54.05,14.43,46.53,31.87,6.84,90.04,3.12,0,0,1.8,0.12,0.04,18.63,243.69,1.18,4
DE810100,78.4,55.68,13.25,51.75,29.88,5.54,82.31,11.3,0,0.85,1.71,0.17,0.04,14.02,195.28,1.18,4
DE810110,69.71,36.18,14.42,52.26,30.43,1.84,89.47,7.17,0,1.52,1.66,0.22,0.04,10.56,149.96,1.18,4
DE810120,66.05,52.64,12.6,56.78,26.83,3.8,83.37,12.83,0,0,1.81,0.16,0.04,17.97,244.01,1.18,4
DE810130,35.87,54.42,12.1,56.71,25.59,4.62,74.21,21.17,0,0,1.64,0.15,0.05,15.11,221.5,1.18,4
DE810150,107.84,61,12.56,51.61,29.66,5.47,81.39,11.35,0,1.79,1.77,0.15,0.04,10.55,139.32,1.18,4
DE810160,71.06,48.43,12.79,57.33,27.94,2.6,86.29,10.5,0,0.62,1.78,0.2,0.04,18.38,246.34,1.18,4
DE810170,212.25,57.63,13.44,57.47,27.68,2.18,86.99,10.83,0,0,1.84,0.22,0.05,17.32,238.92,1.18,4
DE810180,214.55,57.21,13.44,57.54,27.63,2.16,87.13,10.71,0,0,1.84,0.21,0.04,17,239.89,1.18,4
DE810190,101.62,61.06,13.09,57.73,27.66,2.3,84.26,13.45,0,0,1.77,0.17,0.06,13.31,183.34,1.18,4
DE810210,101.72,61.02,13.09,57.73,27.66,2.3,84.27,13.43,0,0,1.78,0.19,0.04,13.9,193.97,1.18,4
DE810220,59.37,65.37,14.88,54.3,30.39,0.56,88.99,10.45,0,0,1.8,0.19,0.04,16.71,242.36,1.18,4
DE810230,47.36,33.26,11.22,60.7,22.58,10.59,79.62,9.73,0.06,0,1.77,0.3,0.05,17.6,244.63,1.18,4
DE810260,3049.17,46.29,10.08,62.12,21.71,3.39,70.25,22.47,0.47,3.41,1.77,0.18,0.04,15.97,221.72,1.18,4
DE810280,1431.43,53.29,9.75,62.47,21.26,2.65,64.71,27.96,0.45,4.24,1.76,0.17,0.05,14.5,193.98,1.18,4
DE810290,804.54,53.62,10.2,62.24,22.41,2.85,65.89,27.92,0.29,3.05,1.72,0.17,0.05,16.63,240.33,1.18,4
DE810300,808.01,53.51,10.2,62.27,22.4,2.83,65.96,27.88,0.29,3.04,1.73,0.16,0.05,17.02,241.08,1.18,4.01
DE810310,776.36,53.69,10.23,62.08,22.45,2.95,67.32,26.35,0.3,3.08,1.65,0.24,0.06,16.7,243.22,1.18,4.01
DE810320,356,59.1,9.69,63.83,21.75,3.6,70.53,22.92,0.18,2.79,1.7,0.17,0.05,17,244.66,1.18,4.01
DE810330,259.71,61.19,9.5,65.88,21.66,2.59,75.57,20.25,0.24,1.35,1.69,0.16,0.05,17.47,245.37,1.18,4.01
DE810340,88.7,69.09,10.71,64.44,24,1.95,84.68,13.37,0,0,1.68,0.16,0.05,17.2,245.2,1.18,4.01
DE810380,87.43,40.11,11.05,63.89,23.32,3.32,87,9.67,0,0,1.75,0.21,0.04,17.3,243.03,1.18,4.01
DE810390,87.43,40.11,11.05,63.89,23.32,3.32,87,9.67,0,0,1.74,0.27,0.04,16.16,238.05,1.18,4.01
DE810410,306.19,43.59,11.87,61.02,25.7,2.16,89.28,7.88,0.27,0.41,1.78,0.17,0.05,16.53,225.71,1.18,4.01
DE810420,317.53,42.72,11.81,61.09,25.64,2.19,89.31,7.74,0.36,0.4,1.82,0.21,0.04,15.2,211.03,1.18,4.01
DE810440,947.96,42.96,9.66,61.93,20.37,4.23,68.47,22.62,0.37,4.31,1.69,0.2,0.05,17.18,243.87,1.18,4.01
DE810450,661.37,48.87,9.49,61.82,19.77,4.93,62.73,26.87,0.53,4.93,1.69,0.16,0.05,16.63,241.81,1.18,4.01
DE810470,189.6,68.19,8.57,58.96,17.68,2.53,40.73,44.69,0.61,11.43,1.68,0.16,0.06,16.88,230.97,1.18,4.01
DE810490,50.57,78.74,8.86,64.89,18.65,2.17,32.94,59.39,0,5.5,1.7,0.14,0.05,15.09,212.79,1.18,4.01
DE810550,119.9,32.13,10.05,64.95,21.51,9.89,76.14,13.97,0,0,1.72,0.21,0.04,13.19,187.72,1.18,4.01
DE810570,185.1,49.47,10.14,64.14,20.89,1.83,76.22,19.02,0.17,2.76,1.66,0.18,0.06,17.64,245.78,1.18,4.01
DE810580,515.9,55.99,8.89,62.52,19.05,2.21,61.95,28.33,0.79,6.71,1.66,0.19,0.05,16.86,244.57,1.18,4.01
DE810590,251.13,63.07,9.07,61.67,18.98,2.31,57.59,31.35,1.26,7.49,1.64,0.2,0.05,17.05,240.59,1.18,4.01
DE810600,189.03,64.61,9.01,62.48,18.91,1.46,56.28,33.17,1.52,7.57,1.7,0.16,0.05,15.77,232.42,1.18,4.01
DE810610,309.97,51.14,10.84,58.54,23.38,3.26,66.03,26.26,0.31,4.14,1.79,0.16,0.05,15.06,214.94,1.18,4.01
DE810650,53.48,36.67,12.12,62.19,24.61,2.72,64.3,32.98,0,0,1.75,0.23,0.04,13.85,192.16,1.18,4.01
DE810660,51.45,37.58,12.14,62.23,24.6,2.4,64.4,33.19,0,0,1.8,0.23,0.04,14.64,202.04,1.18,4.01
DE810670,51.44,37.59,12.14,62.23,24.6,2.4,64.4,33.2,0,0,1.83,0.23,0.05,15.37,213.24,1.18,4.01
DE810680,48.82,45.88,10.94,65.49,23.42,0.82,63.26,35.92,0,0,1.78,0.14,0.08,17,246.71,1.18,4.01
DE810690,48.84,45.87,10.94,65.49,23.42,0.82,63.27,35.91,0,0,1.78,0.14,0.07,14.34,203.38,1.18,4.01
DE810700,48.84,45.87,10.94,65.49,23.42,0.82,63.27,35.91,0,0,1.82,0.17,0.06,15.79,218.09,1.18,4.01
DE810740,38.82,49.12,11.09,64.75,24.1,0.75,67.94,31.3,0,0,1.78,0.31,0.08,10.15,145.67,1.18,4.01
DE810770,50.9,48.6,11.93,64.8,22.74,1.14,83.6,15.26,0,0,1.76,0.19,0.04,17.74,243.37,1.18,4.01
DE810790,45.05,16.23,13.3,60.68,25.19,2.44,83.79,13.77,0,0,1.86,0.22,0.05,17.32,241.92,1.18,4.01
DE810800,36.63,18.51,13.6,59.77,26.42,1.08,77.86,21.06,0,0,1.84,0.22,0.04,16.73,242.41,1.18,4.01
DE810820,245.75,21.54,12.48,59.63,24.7,2.01,68.03,27.69,0.55,1.72,1.86,0.23,0.05,18.91,245.5,1.18,4.01
DE810830,245.75,21.54,12.48,59.63,24.7,2.01,68.03,27.69,0.55,1.72,1.83,0.17,0.05,17.08,241.47,1.18,4.01
DE810840,29.65,25.75,13.41,61.43,25.16,0,67.28,32.72,0,0,1.9,0.19,0.04,17,243.23,1.18,4.01
DE810870,10.39,19.05,8.49,45.24,18.66,37.24,62.66,0.11,0,0,1.79,0.2,0.05,17.32,246.03,1.18,4.01
DE810910,56.61,22.9,13.64,55.78,24.76,4.8,73.99,19.9,0,1.31,1.87,0.15,0.07,10.42,138.86,1.18,4.01
DE810920,56.61,22.9,13.64,55.78,24.76,4.8,73.99,19.9,0,1.31,1.81,0.16,0.07,17.98,245.18,1.18,4.01
DE810930,16.47,32.62,13.59,56.12,25.76,5.72,59.39,34.89,0,0,1.9,0.16,0.05,17.75,243.4,1.18,4.01
DE810940,9.95,27.06,14.47,46.02,25.14,13.88,60.44,18.36,0,7.31,1.62,0.16,0.06,19.22,253.9,1.18,4.01
DE810950,12.78,23.15,14.26,45.76,24.02,12.02,63.93,15.54,0,8.51,1.82,0.2,0.05,17.42,246.92,1.18,4.01
DE811040,36.85,40.01,10.84,66.41,22.75,1.14,45.93,52.94,0,0,1.67,0.17,0.07,18.24,248.45,1.18,4.01
DE811050,36.85,40.01,10.84,66.41,22.75,1.14,45.93,52.94,0,0,1.71,0.18,0.07,17.67,248.11,1.18,4.01
DE811100,4182.65,44.92,11.41,62.22,21.99,3.04,77.1,16.38,1.17,2.32,1.68,0.25,0.05,16.67,243.3,1.18,4.01
DE811110,328.4,35.28,11.7,62.45,22.81,2.75,83.96,12.07,0.19,1.02,1.71,0.23,0.05,17.81,247.9,1.18,4.01
DE811170,364.5,62.63,10.38,66.55,20.15,1.64,81.21,15.28,0,1.88,1.52,0.13,0.04,17.78,252.1,1.18,4.01
DE811180,363.28,62.71,10.39,66.54,20.14,1.64,81.17,15.31,0,1.88,1.55,0.25,0.07,19,253.09,1.18,4.01
DE811190,363.28,62.71,10.39,66.54,20.14,1.64,81.17,15.31,0,1.88,1.56,0.22,0.05,16.14,220.69,1.18,4.02
DE811200,79.45,72.2,9.41,65.51,18.95,2.37,77.2,15.63,0,4.8,1.58,0.19,0.05,17.92,252.86,1.18,4.02
DE811210,79.45,72.2,9.41,65.51,18.95,2.37,77.2,15.63,0,4.8,1.56,0.19,0.04,17.97,254.22,1.18,4.02
DE811250,33.29,79.97,11.94,65.6,22.27,0.9,84.71,14.38,0,0,1.58,0.19,0.06,17.64,242.23,1.18,4.02
DE811260,102.65,16.6,11.93,65.43,21.71,1.71,90.36,7.93,0,0,1.5,0.23,0.08,14.34,202.85,1.18,4.02
DE811270,102.61,16.6,11.93,65.44,21.71,1.69,90.38,7.94,0,0,1.5,0.26,0.05,15.9,222.66,1.18,4.02
DE811350,212,21.43,12.71,61.2,23.82,4.28,77.56,18.15,0,0,1.61,0.15,0.07,12.81,185.66,1.18,4.02
DE811360,212,21.43,12.71,61.2,23.82,4.28,77.56,18.15,0,0,1.75,0.21,0.05,17.76,248.81,1.18,4.02
DE811370,66.25,21.31,12.29,60.58,22.61,6.43,87.02,6.55,0,0,1.69,0.21,0.05,17.92,250.82,1.18,4.02
DE811390,116.96,25.87,13.02,60.96,25.24,1.56,78.67,18.67,0,1.1,1.86,0.21,0.05,17.5,243.48,1.18,4.02
DE811420,34.89,28.88,10.92,63.71,25.02,0,83.93,16.07,0,0,1.79,0.24,0.04,18.13,246.29,1.18,4.02
DE811430,1385.32,64.23,11.28,62.32,20.58,4.45,74.45,17.97,0.59,2.54,1.6,0.32,0.07,16.82,249.6,1.18,4.02
DE811440,1385.32,64.23,11.28,62.32,20.58,4.45,74.45,17.97,0.59,2.54,1.55,0.22,0.05,17.14,249.57,1.18,4.02
DE811450,1385.32,64.23,11.28,62.32,20.58,4.45,74.45,17.97,0.59,2.54,1.56,0.25,0.06,15.25,225.99,1.18,4.02
DE811470,529.62,85.57,11.44,58.95,20.41,3.72,64.42,25.73,0.19,5.95,1.59,0.18,0.06,15.5,228.77,1.18,4.02
DE811480,529.62,85.57,11.44,58.95,20.41,3.72,64.42,25.73,0.19,5.95,1.61,0.21,0.06,16.06,237.24,1.18,4.02
DE811510,530.79,85.46,11.43,58.88,20.39,3.88,64.31,25.69,0.19,5.93,1.54,0.2,0.06,16.79,251.52,1.18,4.02
DE811520,530.79,85.46,11.43,58.88,20.39,3.88,64.31,25.69,0.19,5.93,1.59,0.18,0.05,16.96,249.2,1.18,4.02
DE811530,528.86,85.67,11.45,59.03,20.43,3.58,64.51,25.76,0.19,5.96,1.58,0.19,0.06,15.1,223.41,1.18,4.02
DE811550,124.79,59.75,11.36,63.07,22.06,3.88,80.72,14.33,0.21,0.86,1.54,0.18,0.07,17.58,251.86,1.18,4.02
DE811560,124.62,59.78,11.36,63.07,22.06,3.89,80.7,14.34,0.21,0.86,1.69,0.22,0.05,18.13,248.98,1.18,4.02
DE811580,77.18,57.73,11.08,59.37,19.13,16.86,60.13,22.28,0.74,0,1.45,0.22,0.06,17.23,257.78,1.18,4.02
DE811590,77.26,57.69,11.07,59.31,19.11,16.95,60.06,22.25,0.74,0,1.49,0.26,0.05,18,257.55,1.18,4.02
DE811600,303,66.84,10.71,65.88,20.41,1.33,84.69,11.72,1.04,1.22,1.54,0.21,0.07,17.42,251.28,1.18,4.02
DE811610,303,66.84,10.71,65.88,20.41,1.33,84.69,11.72,1.04,1.22,1.55,0.23,0.06,17.86,251.99,1.18,4.02
DE811620,118.39,111.56,11.47,64.63,21.53,1.16,76.67,21.01,0,1.16,1.6,0.17,0.06,17.17,251.22,1.18,4.02
DE811630,118.39,111.56,11.47,64.63,21.53,1.16,76.67,21.01,0,1.16,1.68,0.27,0.06,17.53,250.55,1.18,4.02
DE811750,101.78,85.41,11.28,64.59,22.62,1.41,90.73,7.48,0,0.37,1.54,0.22,0.06,16.39,233.01,1.18,4.02
DE811760,107.15,83.37,11.28,64.37,22.69,1.69,90.57,7.15,0,0.59,1.51,0.19,0.06,15.87,231.63,1.18,4.02
DE811770,107.15,83.37,11.28,64.37,22.69,1.69,90.57,7.15,0,0.59,1.53,0.23,0.06,16.37,231.71,1.18,4.02
DE811800,182.25,49.96,11.57,64.55,21.92,3.18,84.13,12.69,0,0,1.53,0.27,0.05,17.5,255.09,1.18,4.02
DE811840,1271.88,65.75,10.62,63.1,21.51,3.34,79.88,13.01,0.86,2.9,1.51,0.28,0.07,16.16,238.14,1.18,4.02
DE811850,1271.74,65.76,10.62,63.1,21.51,3.33,79.89,13.01,0.86,2.9,1.51,0.27,0.06,16.36,240.57,1.17,4.03
DE811950,32.75,113.96,8.59,45.93,17.03,6.69,42.8,31.55,0,18.96,1.64,0.11,0.08,18.25,248.08,1.17,4.03
DE811960,32.75,113.96,8.59,45.93,17.03,6.69,42.8,31.55,0,18.96,1.65,0.16,0.06,18.37,250.83,1.17,4.03
DE812010,42.96,68.75,9,66.22,22.89,1.27,62.46,36.28,0,0,1.74,0.16,0.04,18.71,246.28,1.17,4.03
DE812030,73.76,84.97,8.56,70.89,16.78,1.25,69.25,27.22,0,2.28,1.59,0.13,0.05,17.59,249.68,1.17,4.03
DE812040,73.76,84.97,8.56,70.89,16.78,1.25,69.25,27.22,0,2.28,1.59,0.14,0.05,17.79,249.24,1.17,4.03
DE812050,73.76,84.97,8.56,70.89,16.78,1.25,69.25,27.22,0,2.28,1.55,0.13,0.05,16.46,229.07,1.17,4.03
DE812060,170.69,80.53,8.83,71.28,16.15,0.85,68.94,27.82,0,2.38,1.63,0.2,0.05,17.61,251.3,1.17,4.03
DE812070,26.13,78.58,9.16,69.96,16.67,4.48,91.97,3.55,0,0,1.57,0.16,0.04,16.18,224.51,1.17,4.03
DE812080,39.14,83.18,9.11,69.69,16.36,1.15,74.57,21.78,0,2.5,1.59,0.18,0.06,16.91,234.91,1.17,4.03
DE812100,1246.78,78.36,7.78,55.89,14.73,3.34,45.67,32.1,0.93,17.97,1.57,0.22,0.07,18.3,250.68,1.17,4.03
DE812110,1246.78,78.36,7.78,55.89,14.73,3.34,45.67,32.1,0.93,17.97,1.6,0.18,0.06,17.09,246.94,1.17,4.03
DE812170,101.9,57.08,8.91,67.27,22.64,2.43,80.53,17.04,0,0,1.69,0.24,0.07,14.42,188.04,1.17,4.03
DE812180,141.01,53.4,11.56,57.03,27.62,4.95,78.89,14.67,0.26,1.23,1.9,0.19,0.04,18.01,239.81,1.17,4.03
DE812190,144.2,53.23,11.55,57.18,27.55,4.95,78.61,14.98,0.26,1.21,1.81,0.11,0.04,16.98,240.36,1.17,4.03
DE812200,674.51,42.3,10.27,66.78,20.35,3.7,62.06,33.89,0.1,0.26,1.81,0.12,0.05,16.37,230.28,1.17,4.03
DE812210,357.73,33.71,8.45,73.51,15.43,4.01,62.52,33.47,0,0,1.73,0.15,0.05,15.71,221.8,1.17,4.03
DE812250,86.31,47.54,12.59,55.1,27.53,5.12,80.75,14.13,0,0,1.93,0.17,0.04,16.43,215.94,1.17,4.03
DE812280,172.37,38.71,16.3,53.66,26.81,3.96,71.3,24.2,0,0.53,1.93,0.12,0.04,16.98,236.19,1.17,4.03
DE812290,35.88,30.44,13.64,62.8,22.43,1.76,58.08,40.16,0,0,1.93,0.15,0.03,17.83,240.88,1.17,4.03
DE910020,396.82,50.78,7.33,75.79,14.83,3.6,87.75,8.65,0,0,2.18,0.07,0.02,15.94,225.6,1.17,4.03
DE910070,17.01,138.82,20.85,33,45.98,0.26,79.68,20.06,0,0,2.37,-0.04,0.03,16.71,221.63,1.17,4.03
DE910080,17.01,138.82,20.85,33,45.98,0.26,79.68,20.06,0,0,2.35,-0.04,0.03,16.25,221.74,1.17,4.03
DE910090,60.55,135.85,19.36,35,45.12,0.92,75.28,23.8,0,0,2.33,-0.03,0.03,16.3,222.37,1.17,4.03
DE910110,64.87,128.06,18.4,38.29,41.38,3.78,65.05,30.79,0,0.39,2.19,0.02,0.03,16.73,229.65,1.17,4.03
DE910120,225.01,118.51,17.32,38.02,41.3,4.94,73.28,21.67,0,0.11,2.23,0.02,0.03,16.26,224.21,1.17,4.03
DE910130,25.75,101.68,13.27,39.18,35.43,16.75,69.4,13.85,0,0,2.3,-0.03,0.03,17,224.91,1.17,4.03
DE910140,52.86,106.24,11.7,48.73,31.72,10.97,60.25,28.78,0,0,2.31,-0.01,0.03,16.75,224.14,1.17,4.03
DE910150,363.27,109.84,14.49,36.73,35.34,17.28,62.18,20.47,0,0.07,2.24,0.04,0.03,16,223.41,1.17,4.03
DE910160,46.65,147.43,14.95,33.96,31.66,22.3,42.6,35.1,0,0,2.53,-0.04,0.04,16.63,219.65,1.17,4.03
DE910170,225.03,110.53,14.73,40.16,33.38,15.93,61.34,22.73,0,0,2.37,0,0.03,15.64,220.16,1.17,4.03
DE910180,735.64,102.05,13.83,41.38,32.51,16.2,61.85,21.88,0,0.07,2.28,0.02,0.03,15.86,220.51,1.17,4.03
DE910190,66.68,51.39,8.95,69.75,19.35,4.42,79.46,12.43,3.69,0,2.1,0.06,0.02,18,232.06,1.17,4.03
DE910200,975.17,89.77,12.87,46.72,29.9,13.86,65.63,19.99,0.25,0.27,2.24,0.03,0.03,15.87,221.21,1.17,4.03
DE910210,1137.23,81.83,12.36,49.83,28.31,12.59,68.96,18,0.22,0.23,2.21,0.03,0.03,15.87,221.52,1.17,4.03
DE910230,63.18,45.34,9.34,65.64,23.18,2.53,78.53,14.4,4.54,0,2.11,0.02,0.03,16.69,229.87,1.17,4.03
DE910240,230.97,40.43,8.39,66.13,20.1,9.13,82.25,7.37,1.25,0,2.04,0.08,0.03,16.65,230.79,1.17,4.03
DE910250,549.08,41.29,7.97,67.08,18.68,9.94,80.8,8.68,0.52,0.05,2.04,0.09,0.03,16.02,227.58,1.17,4.03
DE910260,26.63,33.57,7.62,73.34,18.19,3,88.44,8.57,0,0,2.04,0.06,0.02,16.87,233.53,1.17,4.03
DE910270,1781.67,66.55,10.81,56.31,24.77,11.37,73.52,14.64,0.3,0.16,2.15,0.06,0.03,14.84,220.91,1.17,4.03
DE910290,1940.37,63.57,10.53,57.65,24.02,10.94,74.66,13.97,0.28,0.15,2.16,0.04,0.03,14.57,219.27,1.17,4.03
DE910300,1944.34,63.48,10.52,57.69,24,10.92,74.7,13.96,0.27,0.15,2.16,0.01,0.03,15.35,222.93,1.17,4.03
DE910310,286.29,44.32,8.6,69.42,18.97,4.19,79.65,16.16,0,0,2.24,0.03,0.02,16.67,221.42,1.17,4.03
DE910320,2255.52,60.64,10.24,59.41,23.25,9.98,75.27,14.28,0.34,0.13,2.15,0.07,0.03,14.85,220.6,1.17,4.03
DE910330,82.67,34.41,8.26,73.12,18.35,1.01,91.17,6.2,1.62,0,2.15,0.07,0.03,15.95,224.85,1.17,4.03
DE910340,120.99,32.97,7.3,75.28,16.66,1.87,90.75,6.27,1.11,0,2.17,0.03,0.02,15.66,223.34,1.17,4.03
DE910350,145.29,39.58,6.17,78.73,14.56,1.33,76.63,20.84,1.2,0,2.19,0.04,0.02,16.26,220.22,1.17,4.03
DE910360,2581.8,57.33,9.76,61.65,22.19,9.08,75.9,14.47,0.42,0.12,2.14,0.05,0.03,15.06,220.79,1.17,4.03
DE910370,71.45,32.52,6.28,80.93,11.27,2.56,86.56,10.88,0,0,2.14,0.04,0.02,16.62,223.66,1.17,4.03
DE910380,60.58,29.51,5.67,82.82,10.7,1.73,86.71,11.55,0,0,2.22,0.01,0.02,14.58,205.44,1.17,4.03
DE910400,2987.52,53.59,9.28,63.91,20.95,8.44,76.52,14.56,0.37,0.11,2.14,0.06,0.03,14.97,219.51,1.17,4.03
DE910430,138.62,36.22,7.39,73.04,15.01,7.38,71.7,19.96,0.97,0,2.26,0.08,0.02,16.03,223.17,1.17,4.03
DE910460,36.11,17.35,6.47,76.91,13.78,6.02,78.82,13.93,0.31,0.91,2.09,0.06,0.02,15.58,206.02,1.17,4.03
DE910500,55.23,33.81,7.44,72.92,15.61,6.62,61.69,31.69,0,0,2.2,0.11,0.03,15.69,224.04,1.17,4.03
DE910530,72.14,45.11,8.27,55.48,18.24,22.9,69.01,7.69,0.4,0,2.15,0.07,0.03,15.62,227.57,1.17,4.03
DE910560,413.42,24.8,7.85,69.24,16.07,10.22,72.44,13.01,3.34,1,2.15,0.08,0.03,16,221.46,1.17,4.03
DE910570,29.1,17.57,9.61,65,17.35,9.08,72.29,18.64,0,0,2.31,0.06,0.03,16.41,221.59,1.17,4.03
DE910580,58.42,10.96,11.94,67.11,18.99,2.95,87.82,7.94,0.71,0.58,2.17,0.07,0.02,16.57,227.31,1.17,4.03
DE910610,40.23,262.02,26.84,24.64,43.07,8.68,52.83,38.48,0,0,2.25,0,0.06,16.87,226.75,1.17,4.03
DE910620,75.07,311.02,26.22,21.86,48.32,6.15,41.97,51.88,0,0,2.54,0.01,0.07,15.73,217.17,1.17,4.02
DE910630,53.21,308.08,26.84,22.76,48.87,2.52,40.95,56.53,0,0,2.42,-0.12,0.07,15.91,221.77,1.17,4.02
DE910640,275.26,285.62,26.56,23.34,46.43,5.04,48.5,46.46,0,0,2.34,0.01,0.06,16.16,220.69,1.17,4.02
DE910650,30.34,294.87,26.76,22.34,50.9,0.36,16.31,83.33,0,0,2.44,-0.04,0.06,16.04,221.82,1.17,4.02
DE910660,15.06,389.17,27.11,18.28,54.61,0,4.03,95.97,0,0,2.71,-0.01,0.07,16.09,214.56,1.17,4.02
DE910670,41.09,250.39,26.14,14.65,51.78,10.97,66.22,22.81,0,0,2.44,0.03,0.05,16.98,220.47,1.17,4.02
DE910680,65.23,264.6,28.03,18.39,50.69,5.02,50.06,44.92,0,0,2.45,0.03,0.06,16.32,219.56,1.17,4.02
DE910690,473.06,216.33,24.92,15.06,54.61,8.13,63.19,28.49,0,0.19,2.58,-0.09,0.04,16.15,217.35,1.17,4.02
DE910700,507.06,216.99,25.15,15.22,54.34,8,62.07,29.75,0,0.18,2.52,0,0.05,15.19,214.18,1.17,4.02
DE910710,178.1,164.69,28.67,20.17,46.83,7.47,64.42,28.11,0,0,2.33,0,0.04,16.62,223.91,1.17,4.02
DE910720,98.88,221.32,25.17,15.68,54.36,7.05,72.24,20.71,0,0,2.38,0.05,0.04,16.32,221.1,1.17,4.02
DE910730,60.55,135.85,19.36,35,45.12,0.92,75.28,23.8,0,0,2.33,-0.03,0.03,16.3,222.37,1.17,4.02
DE910750,128.29,115.68,18.3,32.99,42.02,9.53,72.46,18.01,0,0,2.25,-0.01,0.03,16.42,224.02,1.17,4.02
DE910770,75.63,111.74,18.57,27,45.31,11.21,85.18,3.6,0,0,2.4,-0.07,0.03,18.12,222.24,1.17,4.02
DE910780,82.94,180.74,22.93,22.13,46.38,15.6,52.57,31.82,0,0,2.26,0.11,0.04,16.64,226.36,1.17,4.02
DE910790,30.71,84.37,19.91,30.54,39.66,17.68,74.19,8.13,0,0,2,0.06,0.03,17.82,235.17,1.17,4.02
DE910800,640.58,57.36,12.57,54.31,29.04,6.21,80.37,11.19,2.23,0,1.89,0.13,0.03,16.27,233.28,1.17,4.02
DE910810,1032.29,52.63,12.3,56.35,27.92,5.23,82.41,9.77,2.47,0.12,1.89,0.12,0.03,15.75,231.42,1.17,4.02
DE910820,161.53,54.81,14.58,52.96,31.95,1.13,83.36,15.51,0,0,1.97,0.07,0.03,16.47,232.17,1.17,4.02
DE910830,1462.08,50.94,12.72,56.57,27.87,4.29,82.37,10.86,2.39,0.09,1.89,0.12,0.02,16.3,233.31,1.17,4.02
DE910840,314.79,48.66,13.95,48.05,24.96,6.98,55.44,26.43,2.15,9,1.93,0.13,0.02,17.45,236.1,1.17,4.02
DE910850,510.68,126.59,18.39,42.7,35.82,4.58,69.26,26.11,0.05,0,1.58,0.17,0.06,18.34,248.61,1.17,4.02
DE910860,514.42,126.09,18.36,42.79,35.75,4.58,69.38,25.99,0.05,0,1.59,0.17,0.05,18.44,248.75,1.17,4.02
DE910870,514.42,126.09,18.36,42.79,35.75,4.58,69.38,25.99,0.05,0,1.58,0.13,0.05,18.54,248.22,1.17,4.02
DE910880,149.15,78.87,13.76,57.38,25.11,5.3,56.52,38.18,0,0,1.84,0.12,0.04,17.92,239.84,1.17,4.02
DE910890,297.85,80.99,12.01,58.87,25.29,4.06,63.83,30.55,1.56,0,1.86,0.1,0.05,17.5,238.21,1.17,4.02
DE910910,25.47,451.15,23.83,20.77,39.82,19.68,9.32,70.99,0,0,2.95,-0.08,0.1,15.74,211.23,1.17,4.02
DE910920,161.03,487.58,25.02,23.47,43.38,9.22,10.64,77.65,0.1,2.4,3.28,-0.11,0.12,14.71,202.1,1.17,4.02
DE910960,362.67,405.22,25.84,23.53,43.19,9.11,28.2,61.04,0.24,1.42,2.72,0.05,0.1,14.62,209.23,1.17,4.02
DE910990,768.32,296.81,26.38,24.43,42.32,8.78,49.8,40.38,0.11,0.93,2.28,0.12,0.07,15.12,219.23,1.17,4.02
DE911000,112.56,145.79,26.76,28.4,40.88,4.27,77.31,18.42,0,0,1.84,0.17,0.05,17.02,239.68,1.17,4.02
DE911010,54.22,176.31,22.99,29.2,44.69,4.87,53.62,41.51,0,0,1.92,0.09,0.06,18.03,238.07,1.17,4.02
DE911020,293.01,142.84,21.72,35.61,36.46,7.79,62.22,29.99,0,0,1.79,0.14,0.05,17.73,241.28,1.17,4.02
DE911030,394.98,131.39,21,38.1,34.95,7.56,62.95,29.48,0,0,1.76,0.11,0.05,17.27,239.84,1.17,4.02
DE911040,37.85,190.68,26.98,28.34,39.43,6.91,49.3,43.79,0,0,1.87,0.16,0.06,17.43,239.56,1.17,4.02
DE911050,594.51,126.56,21.34,35.77,34.35,11.19,61.5,27.22,0,0.09,1.77,0.16,0.05,17.02,239.67,1.17,4.02
DE911060,1859.72,189.88,23.24,28.36,37.39,13.46,57.39,28.56,0.05,0.54,1.98,0.16,0.06,14.86,225.69,1.17,4.02
DE911070,3049.4,144.47,19.37,38.54,32.13,12.12,56.97,30.08,0.43,0.41,1.95,0.12,0.05,15.06,225.21,1.17,4.02
DE911100,144.37,101.81,12.99,57.77,29.01,0.61,23.32,76.07,0,0,2.08,0.03,0.04,17.06,230.71,1.17,4.02
DE911110,145.96,89.42,16.83,51.29,30.2,2.79,33.86,62.53,0,0.82,2.12,0.02,0.04,16.85,230.05,1.17,4.02
DE911120,434.23,92.28,14.36,55.49,28.9,2.18,36.58,60.96,0,0.28,2.04,0.07,0.05,16.7,229.44,1.17,4.02
DE911130,183.01,120.82,25.33,18.41,41.06,15.53,62.65,20.49,0,1.34,1.83,0.17,0.04,17.66,241.16,1.17,4.02
DE911140,389.35,100.97,23.13,20.11,42.33,14.25,71.64,13.08,0,1.03,1.8,0.18,0.04,16.54,238.74,1.17,4.02
DE911160,711.33,83.68,19.57,34.14,34.37,12.22,74.9,11.91,0,0.97,1.81,0.16,0.04,16.59,236.38,1.17,4.02
DE911180,192.99,69.72,19.9,38.21,30.24,14.09,76.09,9.41,0,0.4,1.83,0.15,0.04,17.82,238.96,1.17,4.02
DE911190,188.13,89.32,11.6,66.12,18.49,7.43,8.44,83.51,0.62,0,2.19,0.1,0.05,17.3,230.05,1.17,4.02
DE911200,159.82,86.28,14.35,63.87,20.33,2.45,36.19,60.19,1.17,0,2.19,0.01,0.04,17.84,228.53,1.17,4.02
DE911210,713.5,86.82,14.57,61.29,21.48,5.31,26.06,67.88,0.65,0.11,2.13,0.06,0.04,17.11,226.74,1.17,4.02
DE911230,340.28,53.34,17.03,49.3,19.77,20.1,48.47,30.92,0,0.51,1.87,0.14,0.04,17.29,237.28,1.17,4.02
DE911240,318.92,344.88,27.1,23.04,45.17,6.59,65.26,28.15,0,0,1.96,0.14,0.07,16.4,231.77,1.17,4.02
DE911260,45.64,318.43,29.41,26.64,43.13,1.42,63.71,34.86,0,0,2.14,0.08,0.06,17.06,231.34,1.17,4.02
DE911270,86.9,274.94,25.4,35.21,37.45,3.26,72.07,24.67,0,0,1.91,0.2,0.05,16.67,237.9,1.17,4.02
DE911280,632.06,303.2,26.36,26.41,40.93,8.15,65.37,26.48,0,0,1.94,0.15,0.06,16.16,232.35,1.17,4.02
DE911290,992.77,277.7,26.42,27.08,39.38,9.09,62.99,27.93,0,0,2,0.1,0.05,16.36,229.66,1.17,4.02
DE911310,96.94,269.93,27.3,29.19,42.22,4.56,60.65,34.79,0,0,2.04,0.1,0.06,16,229.32,1.17,4.02
DE911320,33.25,253.66,21.57,38.01,37.63,4.99,64.6,30.41,0,0,1.91,0.1,0.05,17.93,237.87,1.17,4.02
DE911330,185.19,259.86,23.1,32.94,38.32,8.39,67.94,23.67,0,0,1.91,0.16,0.06,16.49,233.9,1.17,4.02
DE911340,84.4,233.97,21.53,39.37,34.73,4.99,65.51,28.53,0,0.96,1.96,0.13,0.05,17.16,236.51,1.17,4.02
DE911350,129.15,488.58,26.28,27.07,44.34,3.48,13.8,82.28,0.45,0,3.28,-0.02,0.12,14.24,200.72,1.17,4.02
DE911360,379.94,434.02,25.84,27.65,42.33,6.25,29.21,63.45,0.62,0.47,3.09,-0.07,0.1,15.08,204.61,1.17,4.02
DE911370,466.32,242.67,23.35,34.5,37.66,6.7,67.42,25.71,0,0.17,1.99,0.12,0.05,16.4,230.81,1.17,4.02
DE911380,897.46,321.47,24.37,31.75,39.56,6.45,50.88,42.11,0.26,0.29,2.4,0.05,0.07,14.61,213.49,1.17,4.02
DE911390,33.72,308.25,27.97,20.81,46.58,11.66,47.18,41.16,0,0,2.68,0.09,0.08,15.39,214.68,1.17,4.02
DE911400,206.77,345.05,25.47,25.43,43.11,8.97,35.91,54.51,0,0.61,2.75,0.07,0.08,14.71,209.05,1.17,4.02
DE911410,1118.91,324.07,24.6,30.57,40.16,6.95,48.19,44.3,0.21,0.35,2.46,0.04,0.08,14.56,211.45,1.17,4.02
DE911420,1176.77,318,24.72,30.6,40.06,6.95,48.44,44.08,0.2,0.33,2.46,0.08,0.06,14.91,215.19,1.17,4.02
DE911430,63.09,382.9,26.92,22.34,50.26,1.06,9.58,89.37,0,0,2.72,-0.1,0.08,15.5,212.09,1.17,4.02
DE911440,36.71,354.51,27.86,20.3,50.82,2.05,38.12,59.53,0.31,0,2.63,-0.07,0.08,15.84,215.34,1.17,4.02
DE911450,147.58,337.12,27.33,22.05,48.76,2.5,30.1,67.32,0.08,0,2.63,-0.03,0.07,16.33,215.83,1.17,4.02
DE911460,63.27,242.88,28.26,21.08,48.51,2.31,68.99,28.71,0,0,2.18,0.08,0.06,15.6,216.66,1.17,4.02
DE911470,94.99,205.32,28.31,19.74,47.89,4.87,72.12,23.02,0,0,2.17,0.1,0.05,15.84,223.73,1.17,4.02
DE911480,2914.42,282.66,25.93,27.52,41.14,7.19,55.69,36.81,0.09,0.21,2.22,0.1,0.06,14.41,215.87,1.17,4.02
DE911490,39.45,211.82,29.79,19.81,47.88,3.79,37.74,58.47,0,0,2.45,0,0.05,16.32,219.34,1.17,4.02
DE911520,137.68,203.67,28.46,19.71,47.08,7.32,57.16,35.53,0,0,2.3,0.07,0.05,16.56,223.9,1.17,4.02
DE911530,3465.14,268.06,26.27,26.25,42.12,7.24,55.32,37.17,0.07,0.2,2.22,0.1,0.06,14.41,214.79,1.17,4.02
DE911540,105.86,159.96,27.81,19.12,47,8.62,53.12,38.27,0,0,2.17,0.01,0.04,17.05,229.89,1.17,4.02
DE911560,212.28,391.75,26.81,21.29,42.18,11.02,27.23,60.02,0,1.73,2.86,0.05,0.09,14.61,209.14,1.17,4.02
DE911570,60.17,243.24,32.32,22.47,43.26,2.4,54.11,43.48,0,0,2.3,0.08,0.05,16.88,227.39,1.17,4.02
DE911580,127.75,273.48,27.97,19.76,45.73,8.24,47.39,44.36,0,0,2.41,0.1,0.07,15.33,219.84,1.17,4.02
DE911600,73.16,207.3,29.31,18.63,47.54,5.61,75.62,18.77,0,0,2.09,0.01,0.05,17.15,229.42,1.17,4.02
DE911610,127.28,203.96,29.35,18.97,46.65,6.69,65.47,27.84,0,0,2.07,0.08,0.05,17,230.63,1.17,4.02
DE911620,898.83,245.04,28.78,20,45.27,7.18,52.22,40.15,0,0.44,2.29,0.12,0.06,15.24,220.04,1.17,4.02
DE911630,31.73,200.5,31.39,19.65,45.41,4.98,20.06,74.96,0,0,2.16,0.04,0.05,18,232.69,1.17,4.02
DE911640,1003.89,233.86,28.22,19.58,44.52,9.14,51.08,39.39,0,0.4,2.26,0.08,0.05,15.43,221.42,1.17,4.02
DE911650,114.68,97.86,24.75,18.48,50.37,7.01,86.27,6.71,0,0,1.79,0.19,0.04,17.55,242.58,1.17,4.02
DE911660,87.04,109.51,23.16,22.82,40.94,16.09,57.88,26.03,0,0,1.9,0.11,0.04,17.46,238.12,1.17,4.02
DE911680,155.91,176.96,28.65,21.43,45.77,6.33,62.04,31.64,0,0,2.21,0.07,0.05,16.13,226.45,1.17,4.02
DE911690,178.26,95.32,23.97,28.33,38.08,12.35,68.26,19.39,0,0,1.95,0.11,0.03,16.97,235.82,1.17,4.02
DE911700,575.83,112.82,24.14,27.42,40.04,11.37,65.42,23.21,0,0,2.06,0.1,0.03,16.26,228.51,1.17,4.02
DE911710,136.22,51.51,18.84,52.38,25.75,7.23,62.71,27.38,2.55,0.13,1.87,0.1,0.02,17.53,239.51,1.17,4.02
DE911740,114.64,84.52,11.34,63.88,19.73,7.26,48.37,42.8,1.35,0.23,2.22,0.02,0.04,17.32,227.4,1.17,4.02
DE911750,285.37,81.76,14.28,59,22.99,5.79,39.42,53.8,0.89,0.09,2.21,0.06,0.04,16.73,225.9,1.17,4.02
DE911770,530.77,75.76,13.85,58.01,23.83,6.91,44.49,48.01,0.53,0.05,2.2,0.03,0.04,16.48,224.75,1.17,4.02
DE911780,167.78,35.71,15.66,59.04,24.09,2.79,76.11,21.01,0.09,0,1.88,0.13,0.03,16.48,236.69,1.17,4.02
DE911840,84.09,52.46,14.88,53.2,31.49,2.24,83.17,14.58,0,0,1.91,0.06,0.03,17.12,236.1,1.17,4.02
DE911850,103.79,49.83,13.98,51.29,29.77,7.2,77.31,15.49,0,0,1.91,0.04,0.03,17.58,234.53,1.17,4.02
DE911860,109.66,47.87,13.88,51.24,29.37,7.76,77.23,15,0,0,1.99,-0.01,0.02,17.45,234.2,1.17,4.02
DE911870,99.65,45.32,16.45,48.63,31.69,5.83,86.48,7.69,0,0,1.95,0.07,0.03,16.54,233.33,1.17,4.02
DE911880,98.63,43.87,9.85,63,23.1,6.01,84.8,9.19,0,0,2.01,0.1,0.03,16.49,230.01,1.17,4.02
DE911890,86.83,68.65,10.53,67.02,22.13,1.87,53.19,44.94,0,0,2.13,0.09,0.04,16.18,226.09,1.17,4.02
DE911900,105.97,54.37,9.18,67.01,20.74,5.98,74.15,19.87,0,0,2.21,0.08,0.03,17.04,228.54,1.17,4.02
DE911910,233.09,56.87,9.92,66.76,21.64,4.05,64.18,30.64,1.13,0,2.13,0.09,0.04,16.36,227.58,1.17,4.02
DE911920,64.68,60.43,9.63,65.55,18.99,8.91,77.9,12.36,0.83,0,2.12,0.01,0.03,17.5,231.47,1.17,4.02
DE911930,120.16,52.43,9.4,67.98,19.07,6.18,80.02,13.35,0.45,0,2.23,0.1,0.04,16.26,225.13,1.17,4.02
DE911940,463.44,50.03,9.43,67.58,20.08,5.75,71.32,21.96,0.96,0,2.16,-0.01,0.02,16.1,226.33,1.17,4.02
DE911950,137.14,46.41,8.78,70.67,18.19,4.65,75.78,19.57,0,0,2.03,0.05,0.03,16.42,229.48,1.17,4.02
DE911960,138.78,58.78,10.14,68.05,19.54,5.04,69.3,25.48,0.19,0,2.17,0.07,0.03,17.03,227.36,1.17,4.02
DE911970,881.14,48.51,9.44,68.03,19.56,5.87,70.17,23.43,0.54,0,2.12,0.11,0.04,15.72,224.48,1.17,4.02
DE911980,93.19,30.94,8.35,73.08,16.73,5.45,82.18,12.25,0.12,0,2.13,0.1,0.03,16.17,226.46,1.17,4.02
DE911990,24.63,35.16,8.37,73.79,16.6,3.97,84.09,11.93,0,0,2.19,0.09,0.03,16.5,226.43,1.17,4.02
DE912000,94.56,22.39,9.4,68.07,18.79,6.82,81.47,11.71,0,0,2.11,0.12,0.03,15.98,227.4,1.17,4.02
DE912010,73.79,25.01,10.87,65.48,21.52,6.64,64.77,27.81,0.77,0,2.26,0.06,0.03,16.27,223.06,1.17,4.02
DE912030,157.75,87.42,14.57,44.49,35.88,7.84,65.65,26.26,0,0.25,2.13,0.01,0.03,16.95,229.46,1.17,4.02
DE912090,787.28,57.01,10.73,58.04,25.93,6.13,76.52,11.71,3.82,1.82,2.03,0.07,0.03,15.9,229.24,1.17,4.02
DE912100,199.68,40.03,11.01,64.29,23.6,2.87,77.55,9.83,9.63,0.13,1.88,0.08,0.03,16.77,233.92,1.17,4.02
DE912110,1347.56,50.32,10.72,60.57,24.92,4.93,77.59,10.78,5.57,1.13,1.97,0.08,0.03,15.47,228.15,1.17,4.02
DE912120,94.02,49.05,8.74,69.8,19.64,5.12,66.49,28.4,0,0,2.07,0.08,0.03,16.69,229.88,1.17,4.02
DE912130,1750.66,48.01,10.38,62.1,23.94,5.25,76.59,13,4.29,0.87,2,0.09,0.03,15.04,225.88,1.17,4.02
DE912140,166.57,31.96,8.26,70.28,18.92,4.25,72.27,22.24,0.31,0.94,2.14,0.08,0.03,15.53,222.93,1.17,4.02
DE912150,22.77,13.73,9.3,69.48,17.52,7.6,91.95,0.46,0,0,2.35,0.08,0.03,16.44,221.02,1.17,4.02
DE912160,55.44,29.18,10,65.69,22.07,4.35,78.09,17.55,0,0,2.11,0.09,0.03,16.68,226.02,1.17,4.02
DE912170,38.8,29.51,17.54,56.39,25.3,11.97,69.07,18.97,0,0,2.25,0.06,0.03,15.83,220.32,1.17,4.02
DE912180,100.21,22.81,11.95,65.44,20.85,3.21,78.11,18.68,0,0,2.32,0.09,0.03,15.61,218.27,1.17,4.02
DE912190,34.61,22.05,13.66,63.64,21.98,7.69,56.5,35.81,0,0,2.27,0.08,0.03,11.56,158.54,1.17,4.01
DE912210,77.36,17.13,11.81,67,20.94,2.85,74.04,22.38,0.72,0,2.35,0.12,0.03,15.39,217.65,1.17,4.01
DE912220,13.2,13.71,11.53,67.98,20.49,0.92,79.74,19.34,0,0,2.43,0.14,0.03,15.53,218.48,1.17,4.01
DE912230,31.68,534.58,28.16,23.11,47.94,3.64,5.54,90.82,0,0,3.15,-0.18,0.14,16.35,211.22,1.17,4.01
DE912240,14.69,547.84,29.24,23.95,46.8,2.35,0,97.65,0,0,3.49,-0.27,0.17,17.34,207.08,1.17,4.01
DE912250,42.35,48.64,12.15,62.58,24.83,0,77.69,22.31,0,0,1.79,0.13,0.04,17.9,242.15,1.17,4.01
DE912270,61.28,77.47,13.26,56.92,29.51,1.18,40.44,58.38,0,0,1.81,0.05,0.04,17.72,237.86,1.17,4.01
DE912280,284.26,78.44,11.19,62.49,23.73,2.92,61.47,35.35,0.27,0,1.85,0.09,0.05,17.44,236.06,1.17,4.01
DE912290,59.99,75.17,10.52,61.83,25.38,1.86,48.11,50.03,0,0,1.87,0.08,0.04,17.26,237.92,1.17,4.01
DE912300,320.07,83.64,11.49,65.29,21.84,2.33,53.9,43.77,0,0,2.01,0.06,0.04,17.33,233.03,1.17,4.01
DE912310,61.26,97.39,12.2,57.15,26.98,4.3,32.8,62.89,0,0,2.05,0.06,0.05,17.42,232.08,1.17,4.01
DE912320,209.07,73.53,10.97,63.46,23.64,1.5,67,31.5,0,0,1.81,0.13,0.04,17.33,238.69,1.17,4.02
DE912330,141.06,74.96,11.69,61.89,24.52,2.1,63.31,34.59,0,0,1.86,0.08,0.04,9.21,125.84,1.17,4.02
DE912350,1460.25,73.97,11.12,62.02,23.43,4,60.55,35.4,0.05,0,1.86,0.12,0.05,16.85,233.88,1.17,4.02
DE912360,87.02,53.56,11.56,56.59,23.4,11.99,54.86,33.15,0,0,1.95,0.02,0.03,16.62,231.98,1.17,4.02
DE912370,90.87,66.41,13.29,58.83,25.14,3.07,57.46,39.46,0,0,1.91,0.08,0.04,16.31,234.7,1.17,4.02
DE912380,191.61,62.91,13.65,58.73,25.63,2.1,58.12,39.78,0,0,1.89,0.11,0.04,17.46,236.59,1.17,4.02
DE912390,134.44,95.05,10.92,64.2,23.27,4.78,30.75,64.47,0,0,2.24,0,0.05,16.73,225.99,1.17,4.02
DE912400,450.61,77.32,11.4,61.88,24.66,5.01,44.61,50.39,0,0,2.13,0.05,0.04,16.78,227.21,1.17,4.02
DE912420,408.47,74.53,10.96,57.34,25.42,12.4,39.86,47.66,0,0.09,2.19,0.06,0.04,16.3,225.17,1.17,4.02
DE912440,190.96,64.21,9.87,63.11,23.44,9.73,49.73,40.54,0,0,2.11,0.13,0.04,16.13,226.51,1.17,4.02
DE912450,26.28,35.76,8.41,70.88,17.45,5.9,88.78,5.32,0,0,2.3,0.08,0.03,16.74,224.66,1.17,4.02
DE912470,132.9,34.4,8.41,69.88,17.08,7.38,80.12,12.5,0,0,2.26,0.07,0.04,16.13,223.45,1.17,4.02
DE912490,61.72,16.88,10.79,72.01,16.04,3.49,87.55,8.89,0,0.07,2.2,0.11,0.03,16.46,225.06,1.17,4.02
DE912500,14.46,34.1,8.32,70.1,17.77,4.84,58.31,36.18,0.66,0,2.4,0.08,0.03,16.03,221.42,1.17,4.02
DE912520,70.71,41.92,10.72,68.34,20.23,2.3,75.63,20.25,1.82,0,2.18,0.1,0.04,16.29,226.98,1.17,4.02
DE912530,298.36,38.59,9.01,68.7,18.99,5.65,77.56,14.42,1.47,0.9,2.21,0.08,0.03,16.63,224.59,1.17,4.02
DE912540,74.2,29.88,8.43,72.14,17.76,4.58,87.63,7.43,0.36,0,2.09,0.05,0.03,15.69,230.4,1.17,4.02
DE912550,51.69,27.01,8.58,74.92,16.5,1.35,84.72,13.93,0,0,2.16,0.03,0.03,16.65,225.93,1.17,4.02
DE912560,609.15,34.24,8.72,70.42,17.86,5.57,78.84,14.04,1.11,0.44,2.14,0.12,0.03,15.77,225.46,1.17,4.02
DE912570,676.04,32.57,8.7,70.52,17.85,5.53,78.17,14.03,1.72,0.55,2.13,0.03,0.02,17.11,228.69,1.17,4.02
DE912600,56.02,12.8,10.14,71.17,18.35,1.11,83.1,15.79,0,0,2.34,0.12,0.03,15.45,218.22,1.17,4.02
DE912650,392.06,76.54,12.16,57.74,23.09,8.54,83.63,7.63,0,0.2,2.18,0.04,0.02,15.88,225.87,1.17,4.02
DE912660,408.17,75.11,11.99,58.53,22.74,8.27,83.84,7.7,0,0.19,2.28,-0.05,0.02,16.18,224.5,1.17,4.02
DE912670,105.29,46.15,7.97,73.46,15.39,5.53,79.84,14.63,0,0,2.27,0.04,0.02,16.24,228.27,1.17,4.02
DE912810,25.85,12.63,12.38,65.49,17.77,6.77,83.6,5.36,3.91,0.37,2.27,0.09,0.02,16.15,220.76,1.17,4.02
DEA10000,25.44,541.86,26.64,20.61,51.62,2.18,19.38,78.45,0,0,3.24,-0.12,0.1,15.71,207.87,1.17,4.01
DEA10040,134.56,433.4,23.83,20.58,48.16,11.06,16.84,71.4,0,0.71,3.11,-0.11,0.07,15.3,205.71,1.17,4.01
DEA10060,63.84,434.03,23.3,19.44,45.77,18.67,12.35,68.18,0,0.8,3.17,-0.13,0.07,15.45,207.34,1.17,4.01
DEA10070,153.96,398.85,22.74,18.9,43.6,21.89,14.83,62.95,0,0.33,3.21,-0.18,0.05,16.1,209.76,1.17,4.01
DEA10080,46.17,406.26,25.91,20.02,47.02,15.05,24.32,60.63,0,0,3.01,-0.14,0.06,15.76,211.48,1.17,4.01
DEA10090,444.08,398.66,22.89,19.22,44.55,20.03,15.35,64.29,0,0.33,3.12,-0.16,0.05,15.5,209.21,1.17,4.01
DEA10100,43.19,338.36,26.05,21.63,51.05,3.25,28.67,68.09,0,0,3.25,-0.12,0.06,15.12,204.92,1.17,4.01
DEA10120,1472.83,362.03,24.21,19.73,47.34,14.09,26.83,58.98,0,0.1,2.93,-0.11,0.06,14.98,207.7,1.17,4.01
DEA10130,100.47,258.72,23.67,22.05,49.1,9.71,65.96,24.34,0,0,3,-0.12,0.04,15.78,210.74,1.17,4.01
DEA10140,215.66,244.14,24.08,21.43,49.58,8.82,60.41,30.77,0,0,2.9,-0.07,0.03,15.63,212.99,1.17,4.01
DEA10150,48.73,197.57,25.34,19.17,49.16,9.1,80.17,10.73,0,0,2.39,0.1,0.03,15.73,223.6,1.17,4.01
DEA10160,1887.87,330.91,24.19,19.94,47.66,13.12,34.46,52.24,0,0.19,2.91,-0.06,0.05,14.67,205.58,1.17,4.01
DEA10170,85.52,198.87,23.12,16.84,47.49,19.19,55.09,25.72,0,0,2.26,0.15,0.03,16.2,228.8,1.17,4.01
DEA10200,63.76,249.35,24.69,17.37,54.83,7.25,63.11,29.64,0,0,3.47,-0.16,0.03,15.21,205.41,1.17,4.01
DEA10210,219.25,234.06,23.68,18.31,52.68,10.6,56.76,32.64,0,0,3.23,-0.06,0.03,15.02,205.36,1.17,4.01
DEA10220,786.61,266.48,22.94,18.85,49.38,14.84,42.06,42.59,0,0.5,3.24,-0.08,0.04,14.38,201.79,1.17,4.01
DEA10230,2823.93,303.64,23.61,19.46,47.77,14.43,36.92,48.38,0,0.27,2.98,-0.09,0.04,14.24,203.03,1.17,4.01
DEA10240,337.77,321.27,19.6,16.51,45.73,21.15,47.84,28.74,0,2.27,3.5,-0.18,0.04,15.28,204.77,1.17,4.01
DEA10250,376.04,310.61,18.49,15.74,43,27.16,43.43,27.37,0,2.04,3.27,-0.21,0.02,8.97,118.57,1.17,4.01
DEA10260,492.71,297.68,18.23,15.36,41.38,31.23,36.28,30.93,0,1.56,3.44,-0.17,0.03,15.19,204.8,1.17,4.01
DEA10270,606.91,271.22,18.43,15.83,41.26,31.04,38.17,29.49,0,1.31,3.33,-0.14,0.03,15.16,204.86,1.17,4.01
DEA10280,163.99,206.95,20.36,15.89,47.42,18.32,40.58,38.52,0,2.59,3.14,-0.1,0.02,15.31,208.24,1.17,4.01
DEA10300,29.24,169.53,10,9.04,18.13,75.83,19.63,4.54,0,0,2.75,0.03,0.03,15.55,213.13,1.17,4.01
DEA10310,74.09,170.14,18.63,16.98,41.54,27.48,59.12,13.4,0,0,2.77,0.01,0.03,15.72,214.13,1.17,4.01
DEA10320,43.94,185.3,19.02,16.24,43.48,25.22,56.26,18.52,0,0,2.81,0.01,0.03,15.59,212.96,1.17,4.01
DEA10330,32.02,411.11,25.3,21.57,52.51,5.42,59.63,34.95,0,0,1.97,0.05,0.06,16.7,236.46,1.17,4.01
DEA10340,113.76,420.68,25.14,20.58,51.62,7.89,46.74,45.37,0,0,1.96,0.08,0.07,16.15,236.82,1.17,4.01
DEA10350,59.44,368.16,24.7,20,50.35,11.8,60.45,27.75,0,0,1.95,0.05,0.05,15.83,227.97,1.17,4.01
DEA10360,109.1,235.23,21.44,15.53,51.73,13.39,63.18,23.43,0,0,1.8,0.2,0.03,16.42,239.91,1.17,4.01
DEA10370,293.97,211.36,21.97,16.71,52.56,11.65,59.12,29.23,0,0,1.78,0.19,0.03,16.4,239.22,1.17,4.01
DEA10380,611.21,258.35,22.55,18.44,50.63,12.22,60,27.78,0,0,1.81,0.18,0.04,16.09,235.63,1.17,4.01
DEA10390,186.03,264.04,24.16,20.48,49.27,9.13,75.93,14.48,0,0.46,1.83,0.14,0.04,16.87,236.77,1.17,4.01
DEA10400,43.88,214.63,24.16,18.26,50.95,7.49,83.34,7.75,0,1.41,1.74,0.12,0.03,17.43,241.5,1.17,4.01
DEA10460,59.26,158.24,18.03,17.98,38.44,35.62,46.48,16.98,0,0.91,2.65,0,0.02,16,216.46,1.17,4.01
DEA10470,110.39,612.38,25.54,23.56,48.2,5.94,25.54,68.52,0,0,3.28,-0.12,0.13,15.32,201.18,1.17,4.01
DEA10480,426.61,520.4,24.79,21.55,49.41,5.52,32.81,61.15,0,0.52,3.11,-0.03,0.1,15,201.8,1.17,4.01
DEA10490,185.23,436.84,25.9,20.51,51.19,3.85,53.63,42.52,0,0,3.02,-0.1,0.07,15.92,207.43,1.17,4.01
DEA10500,762.02,471.04,24.91,20.72,50.31,5.66,37.37,56.67,0,0.29,2.98,-0.06,0.08,15.14,203.97,1.17,4.01
DEA10510,12.56,521.61,25.37,20.72,53.91,0.02,3.18,96.8,0,0,3.46,-0.1,0.09,15.34,203.03,1.17,4
DEA10520,195.25,391.35,24.47,18.5,49.97,8.55,26.41,63.29,0,1.76,2.87,-0.01,0.06,12.94,174.05,1.17,4
DEA10530,249.87,407.56,24.65,17.64,50.74,9.44,38.13,52.43,0,0,2.79,0.01,0.07,16.24,210.03,1.17,4
DEA10540,249.91,407.54,24.65,17.64,50.73,9.46,38.12,52.42,0,0,2.8,-0.01,0.07,16.3,210.33,1.17,4
DEA10550,1531.59,412.69,24.48,18.69,50.2,7.9,32.68,58.37,0,1.06,2.87,-0.05,0.06,14.53,199.74,1.17,4
DEA10560,22.75,352.52,21.75,16.55,47.96,18.26,42.6,39.14,0,0,2.43,-0.09,0.02,18.67,225.91,1.17,4
DEA10600,254.3,315.4,22.67,16.8,49.17,14.66,33.65,51.58,0,0.11,2.73,-0.04,0.04,15.67,209.7,1.17,4
DEA10610,51.04,240.37,19.01,14.18,42.79,29.95,36.08,33.97,0,0,2.5,0.04,0.03,16.19,220.06,1.17,4
DEA10620,2015.85,375.08,23.99,17.95,49.92,10.37,35.54,53.28,0,0.82,2.82,0.01,0.06,14.46,202.58,1.17,4
DEA10630,37.74,636.64,26.14,23.88,49.08,2.83,24.42,72.75,0,0,3.47,-0.09,0.15,14.7,198.57,1.17,4
DEA10640,186.53,550.08,26.18,21.99,49.72,4.98,21.07,73.95,0,0,3.23,-0.09,0.11,14.44,199.86,1.17,4
DEA10650,17.33,496.06,26.55,20.02,52.71,1.67,17.09,81.24,0,0,3.27,-0.17,0.07,16.21,210.94,1.17,4
DEA10660,29.63,427.25,25.03,20.32,51.4,5.13,36.07,58.8,0,0,2.76,-0.03,0.06,15.65,215.13,1.17,4
DEA10680,883.35,447.4,24.78,20.27,48.38,8.63,28.84,61.48,0,1.06,3.23,-0.15,0.07,14.36,197.63,1.17,4
DEA10700,1189.15,433.53,24.41,19.78,48.78,9.67,26.34,63.03,0,0.95,3.24,-0.12,0.07,13.59,188.12,1.17,4
DEA10710,23.43,441.27,19.35,16.96,47.2,27.13,38.3,34.57,0,0,3.85,-0.21,0.08,15.67,199.96,1.17,4
DEA10720,95.81,402.03,21.37,17.74,49.77,16.29,31.82,51.89,0,0,3.48,-0.17,0.06,14.92,198.83,1.17,4
DEA10730,197.33,371.13,22.48,18.27,51.07,13.92,33.6,52.49,0,0,3.32,-0.1,0.06,13.1,171.09,1.17,4
DEA10750,156.39,310.87,20.74,17.06,47.03,19.66,48.99,30.73,0,0.62,3.24,-0.09,0.04,14.57,192.88,1.17,4
DEA10760,424.56,330.71,21.2,17.33,47.68,19.22,36.62,43.92,0,0.23,3.2,-0.09,0.05,14.77,200.93,1.17,4
DEA10780,19.89,225.28,20.06,16.47,45.06,27.4,60.76,11.83,0,0,3.01,-0.1,0.02,15.14,211.76,1.17,4
DEA10790,57.43,217.55,21.59,17.89,48.45,18.98,62.31,18.71,0,0,2.95,-0.08,0.03,15.77,211.52,1.17,4
DEA10800,22.59,225.44,24.72,19.21,55.5,8.85,54.46,36.69,0,0,2.91,-0.1,0.02,15.79,211.69,1.17,4
DEA10850,20.67,341,23.08,19.23,48.61,12.07,30.48,57.45,0,0,3.11,-0.08,0.06,15,207.96,1.17,4
DEA10860,105.88,267.43,24.69,20.38,46.3,10.48,45.34,43.9,0,0.27,2.82,-0.05,0.05,14.92,212.3,1.17,4
DEA10890,33.38,440.88,25.48,18.77,50.61,7.2,77.11,15.69,0,0,2.58,-0.01,0.08,16.54,217.1,1.17,4
DEA10900,94.18,414.15,26.67,18.88,51.91,3.87,50.87,45.25,0,0,2.54,0.03,0.08,16.78,217.76,1.17,4
DEA10910,142.98,387.47,27.11,17.99,52.32,3.78,53.62,42.6,0,0,2.53,0.07,0.07,16.41,216.52,1.17,3.99
DEA10920,168.46,367.05,27.5,17.56,51.63,3.86,60.8,34.56,0,0.78,2.33,0.06,0.06,16.8,221.92,1.17,3.99
DEA10930,329.93,370.61,27.18,17.61,51.66,4.49,57.22,37.89,0,0.4,2.17,0.09,0.04,16.29,223.88,1.17,3.99
DEA10940,399.21,353.71,27.19,17.39,51.56,4.86,54.72,40.08,0,0.33,2.38,0.06,0.06,16.27,219.01,1.17,3.99
DEA10950,24.17,341.01,27.94,15.78,54.26,1.98,42.88,55.14,0,0,2.7,-0.03,0.06,15.87,212.64,1.17,3.99
DEA10960,29.26,343.17,24.71,19.68,51.54,6.09,32.22,61.69,0,0,2.92,-0.07,0.06,15.04,204.76,1.17,3.99
DEA10970,331.49,311.35,27.93,15.71,53.55,3.91,57.82,38.16,0.11,0,2.5,0,0.06,16.44,218.05,1.17,3.99
DEA10980,758.16,327.95,27.31,16.63,51.92,5.44,56.24,38.09,0.05,0.17,2.47,0.01,0.05,16.44,215.86,1.17,3.99
DEA10990,65.96,217.11,23.6,27.89,42.96,10.27,10.67,79.06,0,0,2.67,-0.01,0.03,15.08,214.71,1.17,3.99
DEA11010,1057.87,293.34,25.68,18.01,48.42,9.37,51.78,38.31,0.04,0.5,2.46,0.03,0.05,15.33,214.43,1.17,3.99
DEA11040,1460.55,254.43,24.68,20.27,47.04,9.75,59.04,30.67,0.03,0.51,2.4,0.07,0.05,13.67,192.07,1.17,3.99
DEA11050,66.47,102.76,22.8,28.87,46.08,3.53,89.58,6.9,0,0,2.12,0.08,0.02,16.44,228.53,1.17,3.99
DEA11060,325.44,108.56,20.59,38.1,35.26,7.04,74.88,17.83,0,0.25,2.07,0.14,0.02,17.31,227.83,1.17,3.99
DEA11090,2055.25,214.11,23.61,23.37,45.01,9.66,64.66,25.16,0.02,0.49,2.35,0.09,0.04,14.83,213.92,1.17,3.99
DEA11100,10.44,178.82,24.17,12.61,54.48,10.84,89.16,0,0,0,2.17,0.13,0.03,17.47,231.59,1.17,3.99
DEA11110,141,118.99,23.62,16.96,50.47,11.8,85.88,2.31,0,0,2.17,0.1,0.02,17.28,229.24,1.17,3.99
DEA11120,417.25,113.6,22.53,17.36,51.52,10.8,85.95,3.25,0,0,2.09,0.13,0.02,16.82,229.41,1.17,3.99
DEA11130,3379.04,165.71,21.2,24.4,42.38,14.29,66.61,18.77,0.01,0.31,2.24,0.08,0.03,14.74,215.33,1.17,3.99
DEA11140,29.35,101.83,16.59,49.66,29.72,6.83,86.4,6.77,0,0,2.21,-0.01,0.02,16.21,226.67,1.17,3.99
DEA11160,36.55,80.39,15.23,53.79,28.1,3.87,79.33,16.8,0,0,2.16,0.04,0.02,16.51,227.39,1.17,3.99
DEA11180,4264.33,146.05,19.34,31.31,38.39,13.08,67.9,18.55,0.01,0.46,2.24,0.09,0.03,14.12,212.67,1.17,3.99
DEA11200,4785.31,137,18.28,33.79,36.3,13.81,66.28,19.48,0.01,0.41,2.26,0.05,0.03,14.22,212.88,1.17,3.99
DEA11240,130.72,520.34,24.52,20.38,51.46,8.89,42.47,48.64,0,0,2.26,-0.06,0.08,16.18,223.94,1.17,3.99
DEA11260,48.42,557.48,25.68,20.88,52.97,0.95,49.13,49.92,0,0,2.63,-0.08,0.1,15.36,213.21,1.17,3.99
DEA11360,62.25,327.19,24.65,17.67,52.97,3.87,19.4,74.1,0,2.63,2.33,0.02,0.03,16.46,223.04,1.17,3.99
DEA11390,93.84,130.73,18.4,12.02,54.64,18.79,78.31,1.87,0,1.03,2.09,0.06,0.02,16.33,229.13,1.17,3.99
DEA11410,16.62,215,10.72,9,22,64.07,34.96,0.97,0,0,2.32,0.03,0.02,17.41,227.91,1.17,3.99
DEA11430,38.07,171.12,17.66,12.53,46.52,31.69,60.81,7.5,0,0,2.26,0.03,0.02,16.93,226.25,1.17,3.99
DEA11440,57.14,109.14,17.4,12.88,53.98,20.59,78.1,1.31,0,0,2.06,0.05,0.02,17.21,229.77,1.17,3.99
DEA11470,16.05,79.86,16.75,29.8,31.46,28.45,70.58,0.98,0,0,2.03,0.04,0.02,17.05,234.44,1.17,3.99
DEA11490,129.38,77.04,17.97,33.07,34.72,22.09,61.69,16.22,0,0,2.06,0.09,0.02,16.32,226.8,1.17,3.99
DEA11540,101.52,60.15,15.72,38.1,30.04,22.05,71.06,6.89,0,0,2.04,0.04,0.01,17.03,232.79,1.17,3.99
DEA11620,38.24,120.07,19.21,42.18,29.48,10.34,43.8,45.86,0,0,2.32,0.04,0.03,15.84,221.67,1.17,3.99
DEA11630,114.33,148.72,19.57,38.94,33.77,10.9,41.49,47.14,0,0.46,2.47,0,0.03,15.51,218.25,1.17,3.99
DEA11650,40.25,144.05,14.68,38.34,32.66,20.68,37.26,42.06,0,0,2.47,-0.02,0.03,16.1,219.4,1.17,3.99
DEA11670,52.47,146.91,15.91,31.78,35.2,21.03,29.62,49.35,0,0,2.49,-0.01,0.03,15.37,218.18,1.17,3.99
DEA11680,131.27,102.46,12.48,35.27,28.98,28.86,60.71,10.43,0,0,2.27,0,0.03,16,220.82,1.17,3.99
DEA11690,67.24,92.99,16.09,43.31,38.36,3.01,91.02,5.97,0,0,2.27,-0.02,0.03,16.16,221.93,1.17,3.99
DEA11700,1450.12,96.92,14.29,44.34,29.62,14.81,70.09,14.94,0,0.16,2.22,0.01,0.02,14.87,219.58,1.17,3.99
DEA11710,1738.26,92.01,14.19,46.12,29.07,13.63,71.65,14.59,0,0.13,2.23,0.01,0.02,15.21,219.3,1.17,3.99
DEA11720,317.22,75.96,17.2,45.71,27.69,11.07,82.29,6.64,0,0,2.08,0.04,0.02,16.2,231.14,1.17,3.99
DEA11730,87.97,84.41,15.19,48.66,30.77,6.66,87.16,6.18,0,0,2.16,0.01,0.02,16.65,229.54,1.17,3.99
DEA11740,93.28,54.74,8.75,69.64,16.46,7.3,77.41,15.28,0,0,2.15,0.04,0.02,16.78,228.98,1.17,3.99
DEA11750,35.82,104.7,12.66,48.9,28.62,13.16,73.2,13.64,0,0,2.29,-0.01,0.03,16.47,224.5,1.17,3.99
DEA11770,124.36,576.29,25.17,21.72,51.03,3.37,16.85,79.78,0,0,3.4,-0.13,0.11,15.36,203.96,1.17,3.99
DEA11790,84.87,602.55,25.85,21.99,49.06,5.89,17.57,76.54,0,0,3.2,-0.14,0.13,15.26,203.48,1.17,3.99
DEA11800,356.46,563.29,25.75,21.76,50.66,3.99,22.54,73.46,0,0,3.11,-0.12,0.09,15.6,208.45,1.17,3.99
DEA11810,33.92,582.27,26.37,21.59,48.11,6.41,19.9,73.7,0,0,3.09,-0.17,0.11,16.18,207.69,1.17,3.99
DEA11820,78.98,554.34,25.76,22.43,49.94,7.65,18.55,73.8,0,0,2.94,-0.09,0.1,15.68,209,1.17,3.99
DEA11830,357.78,478.66,26.15,20.39,50.1,5.48,46.58,47.53,0,0.41,2.46,-0.02,0.09,16.28,217.05,1.17,3.99
DEA11840,435.67,313.26,27.06,21.47,47.59,5.57,57.79,36.45,0,0.19,1.86,0.13,0.05,16.88,236.11,1.17,3.99
DEA11850,77.97,257.84,25.57,16.52,51.57,10.34,40.7,48.96,0,0,2.75,-0.09,0.05,15.9,212.81,1.17,3.99
DEA11860,97.57,230.16,27.23,16.68,51.72,6.36,57.78,35.86,0,0,2.16,0.06,0.03,16.72,231.02,1.17,3.99
DEA11870,431.16,242.4,26.8,18.54,51.08,5.47,59.72,34.81,0,0,2.45,-0.06,0.05,16.19,219.86,1.17,3.99
DEA11880,60.17,195.62,22.76,15.3,54.54,9.44,67.2,23.36,0,0,2.58,-0.06,0.04,16.24,217.44,1.17,3.99
DEA11890,268.04,208.91,25.14,15.38,54.39,8.13,69.12,22.75,0,0,2.63,-0.09,0.04,15.54,215.52,1.17,3.99
DEA11900,69.39,232.23,25.38,13.95,57.28,4.94,66.78,28.28,0,0,2.33,0,0.04,16.51,222.22,1.17,3.99
DEA11910,364.19,215.57,25.08,15.03,54.91,7.42,64.94,27.39,0,0.25,2.56,-0.06,0.04,15.51,217.49,1.17,3.99
DEA11920,91.83,224.64,19.64,16.2,43.85,29.17,39.4,31.44,0,0,2.83,-0.07,0.04,15.4,212.98,1.17,3.98
DEA11930,168.07,192.9,19.7,17.99,43.45,28.18,43.62,27.62,0,0.58,2.62,-0.08,0.03,14.5,204.72,1.17,3.98
DEA11940,81.99,215.88,23.73,15.6,55.15,9.49,62.4,28.11,0,0,2.49,0,0.04,16.05,215.76,1.17,3.98
DEA11950,59.12,186.58,24.02,15.03,59.89,3.95,79.78,16.27,0,0,2.58,-0.06,0.04,16,215.16,1.17,3.98
DEA11960,51.97,201.96,21.1,24.71,52.08,8.1,67.9,24,0,0,2.47,0.01,0.04,16.83,220.57,1.17,3.98
DEA11970,311.35,178.44,21.52,18.96,52.44,11.86,69.86,18.28,0,0,2.47,-0.02,0.03,16.35,218.33,1.17,3.98
DEA11980,596.67,172.08,20.69,20.29,47.13,17.92,62.44,19.43,0,0.21,2.48,-0.01,0.03,15.22,215.6,1.17,3.98
DEA11990,206.68,131.77,15.66,19.31,33.66,39.02,51.52,9.46,0,0,2.43,-0.06,0.03,16.22,219.08,1.17,3.98
DEA12000,868.64,157.3,19.11,20.22,42.88,24.17,59.74,15.94,0,0.15,2.42,0,0.03,15.27,215.74,1.17,3.98
DEA12010,269.49,110.93,17.64,32.34,42.38,10.3,77.89,11.81,0,0,2.23,0,0.03,16.25,223.56,1.17,3.98
DEA12030,1318.56,139.6,18.47,23.16,42,21.67,64.79,13.44,0,0.1,2.37,-0.03,0.03,15.76,216.81,1.17,3.98
DEA12040,121.17,70.78,15.59,34.08,38.23,17.08,71.07,9.56,2.29,0,1.92,0.16,0.03,18.25,241.48,1.17,3.98
DEA12080,57.53,51.9,13.37,63.24,21.51,5.17,78.96,15.88,0,0,2.1,0.02,0.02,13.2,185.43,1.17,3.98
DEA12100,249.84,60.94,8.76,66.4,16.72,9.59,77.07,13.34,0,0,2.28,0.02,0.02,16.44,225.08,1.17,3.98
DEA12130,187.93,76.8,11.57,60.74,21.36,7.78,84.6,7.61,0,0,2.22,0.01,0.02,15.98,224.99,1.17,3.98
DEA12140,111.69,89.4,15.21,50.1,30.86,5.07,89.5,5.43,0,0,2.19,0.03,0.02,16.29,226.1,1.17,3.98
DEA12150,160.36,83.2,13.46,51.5,27.21,9.75,82.95,7.31,0,0,2.23,0,0.02,16.29,226.17,1.17,3.98
DEA12160,40.6,80.02,9.99,64.39,22.18,4.35,89.44,6.22,0,0,2.23,0.01,0.02,16.85,224.92,1.17,3.98
DEA12170,109.16,77.05,11.38,63.65,22.09,3.86,88.07,8.07,0,0,2.29,0.01,0.02,16.5,227.29,1.17,3.98
DEA12180,199.13,66.25,10.06,64.35,18.97,8.26,84.4,7.19,0,0.15,2.24,0.01,0.02,16.55,224.68,1.17,3.98
DEB10000,201.87,301.9,24.96,23.39,43.27,10.58,51.16,38.25,0,0,2.35,-0.1,0.03,18.88,234.09,1.17,3.98
DEB10010,600.6,325.6,25.59,22.65,43.33,11.68,46.26,42.05,0,0,2.26,-0.08,0.04,18.02,231.73,1.17,3.98
DEB10020,1090.27,317.53,25.64,21.85,44.26,11.08,47.62,41.3,0,0,2.13,-0.03,0.04,17.58,232.82,1.17,3.98
DEB10030,101.27,278.12,22.32,17.4,38.82,30.61,29.67,39.72,0,0,2.1,-0.03,0.03,18.65,239.17,1.17,3.98
DEB10040,217,292.88,24.46,19.19,41.67,18.82,30.6,50.58,0,0,2.02,0.02,0.04,18.16,237.67,1.17,3.98
DEB10060,84.24,335.16,27.43,21.56,49.4,2.03,79.56,18.42,0,0,1.98,0.02,0.05,16.56,218.3,1.17,3.99
DEB10070,45.03,346.85,25.95,22.1,51.57,0,54.5,45.5,0,0,1.77,0.04,0.05,19.02,250.12,1.17,3.99
DEB10080,171.57,323.27,26.08,21.32,46.74,7.23,52.59,40.19,0,0,1.91,0.11,0.05,17.84,239.07,1.17,3.99
DEB10090,318.62,310.09,26.85,21.23,47.69,5.25,59.75,34.99,0,0,1.82,0.12,0.05,17.67,241.56,1.17,3.99
DEB10100,61.54,316.89,27.71,21.11,50.26,1.32,79.3,19.38,0,0,1.73,0.12,0.05,18.35,248.92,1.17,3.99
DEB10110,41.28,391.69,27.49,25.11,46.49,2.32,51.18,46.5,0,0,1.79,0.15,0.06,18.28,248.2,1.17,3.99
DEB10120,378,384.95,25.62,22.47,46.25,8.42,14.2,77.37,0,0,2.49,-0.09,0.05,17.64,224.88,1.17,3.99
DEB10130,529.47,372.63,25.75,22.53,46.19,8.14,28.48,63.38,0,0,2.42,-0.04,0.05,17.16,225.23,1.17,3.99
DEB10140,74.09,335.04,26.26,23.39,46.68,3.96,64.29,31.75,0,0,2.38,-0.06,0.04,18.53,232.24,1.17,3.99
DEB10160,22.67,379.29,22.84,23.98,40.15,17.3,46.45,36.25,0,0,2.44,-0.06,0.05,17.38,229.06,1.17,3.99
DEB10170,69.53,358.56,22.64,21.98,41.41,17.41,50.65,31.94,0,0,2.48,-0.07,0.05,17.12,228.41,1.17,3.99
DEB10190,318.04,476.3,25.82,27.23,42.24,8.19,40.3,51.15,0,0.37,2.84,-0.2,0.06,17.32,220.71,1.17,3.99
DEB10200,556.04,479.07,25.94,26.48,42.83,7.8,35.16,56.76,0,0.28,2.66,-0.16,0.07,17.29,221.74,1.17,3.99
DEB10210,1467.16,440.77,26.44,24.13,45.29,6.21,43.25,50.43,0,0.1,2.21,-0.05,0.06,16.53,221.29,1.17,3.99
DEB10220,2832.12,380.06,26.11,22.82,45.44,7.86,46.44,45.65,0,0.05,2.13,-0.02,0.05,16.29,226.61,1.17,3.99
DEB10230,37.81,625.99,28.26,27.47,44.12,1.44,4.8,93.76,0,0,3.13,-0.19,0.09,17.9,217.88,1.17,3.99
DEB10240,64.97,487.73,26.67,27.44,44.81,3.11,38.1,58.79,0,0,2.75,-0.19,0.06,17.92,222.77,1.17,3.99
DEB10260,92.96,533.02,25.42,24.84,42.53,11.16,21.94,66.5,0,0.4,2.32,-0.08,0.06,18.6,235.93,1.17,3.99
DEB10270,63.57,486.25,26.64,25.24,44.65,5.92,37.82,56.26,0,0,2.2,-0.08,0.06,18.14,233.13,1.17,3.99
DEB10280,252.87,440.74,27.9,22.48,45.67,5.1,48.29,46.61,0,0,2.01,0.01,0.05,17.71,234.9,1.17,3.99
DEB10290,45.75,464.73,27.47,24.88,45.49,2.05,45.62,52.33,0,0,1.95,0.08,0.07,16.14,233.23,1.17,3.99
DEB10300,361.89,426.76,26.68,23.13,47.25,4.24,54.22,41.55,0,0,1.91,0.1,0.06,16.4,232.54,1.17,3.99
DEB10310,183,348.68,28.13,18.69,49.79,5.39,44.81,49.8,0,0,1.75,0.21,0.05,19.64,246.65,1.17,3.99
DEB10320,30.61,513.42,28.41,22.91,48.68,0.52,8.93,90.54,0,0,2.02,0.1,0.08,17.13,233.85,1.17,3.99
DEB10330,165.05,404.45,26.91,20.72,47.51,7.87,31.59,60.54,0,0,1.86,0.09,0.06,16.8,229.6,1.17,3.99
DEB10340,176.61,416.96,27.47,23.65,46.93,4.71,48.79,46.35,0,0.15,2.21,-0.04,0.06,16.82,225.79,1.17,3.99
DEB10350,59.37,445.34,26.6,24.48,47.41,4.57,33.45,61.98,0,0,2.25,-0.07,0.06,17.42,228.85,1.17,3.99
DEB10360,112.49,383.42,25.66,21.15,50.65,2.55,47.64,49.81,0,0,2.08,0.05,0.05,17.22,231.94,1.17,3.99
DEB10380,31.63,453.41,24.06,24.81,45.08,7.17,52.29,40.53,0,0,2.03,0.07,0.07,16.13,231.49,1.17,3.99
DEB10390,105.14,373.25,24.58,22.38,49.49,4.03,44.35,51.62,0,0,1.93,0.08,0.05,16.51,232.67,1.17,3.99
DEB10400,241.08,424.67,24.73,22.8,47.38,7.16,49.34,43.5,0,0,1.91,0.08,0.06,15.7,230.61,1.17,3.99
DEB10410,367.8,357.95,23.42,21.31,45.11,11.88,52.93,34.28,0,0.9,1.83,0.13,0.05,15.84,232.44,1.17,3.99
DEB10420,749.12,450.57,26.47,21.59,50.51,3.4,39.37,57.23,0,0,2.01,0.07,0.07,14.72,224.23,1.17,3.99
DEB10430,88.13,487.14,27.73,21.41,48.54,3.32,49.55,47.13,0,0,2.06,0.03,0.07,16.37,230.69,1.17,3.99
DEB10450,94.57,461.38,25.87,21.79,51.97,0.93,15.68,83.39,0,0,2.05,0.11,0.07,15.5,228.27,1.17,3.99
DEB10460,45.49,380.3,25.5,21.15,52.35,2.01,37.07,60.92,0,0,1.94,0.15,0.05,15.98,230.24,1.17,3.99
DEB10470,42.67,451.52,25.07,19.63,44.22,14.83,44.54,38.68,0,1.95,2.83,-0.11,0.07,15.72,210.41,1.17,3.99
DEB10480,243.37,369.01,24.78,22.01,48.12,7.18,38.98,53.84,0,0,2.02,0.05,0.05,17.54,235.5,1.17,3.99
DEB10490,113.17,360.59,25.56,21.32,49.65,3.34,54,42.66,0,0,1.99,0.06,0.05,16.79,234.93,1.17,3.99
DEB10500,208.91,309.97,23.79,19.75,44.78,15.8,44.11,40.09,0,0,2.44,-0.07,0.04,17.34,224.24,1.17,3.99
DEB10510,15.93,373.52,23.62,21.61,47.23,7.54,33.45,59.01,0,0,2.48,-0.03,0.05,17.66,227.07,1.17,3.99
DEB10520,36.81,314.68,25.22,21.04,45.9,14.32,68.06,17.62,0,0,2.47,-0.1,0.04,17.53,223.69,1.17,3.99
DEB10530,101.45,364.89,25.66,21.55,48.67,3.9,56.95,39.16,0,0,1.94,0.1,0.05,16.86,235.08,1.17,3.99
DEB10540,145.72,347.71,25.93,21.31,49.35,2.8,60.11,37.09,0,0,1.92,0.1,0.05,16.51,234.97,1.17,3.99
DEB10550,158.95,321.74,25.36,20.49,47.74,7.68,44.14,48.18,0,0,2.42,0,0.04,16.54,224.86,1.17,3.99
DEB10560,190.59,326.07,24.89,20.15,48.85,8.38,53.6,37.48,0,0.54,2.67,-0.04,0.04,15.47,217.41,1.17,3.99
DEB10570,681.44,296.84,24.98,19.73,49.63,8.42,48.83,42.55,0,0.2,2.5,0.04,0.05,14.71,213.36,1.17,3.99
DEB10580,175.48,306.86,24.28,20.1,49.03,7.81,47.51,44.52,0,0.17,2.57,-0.02,0.04,15.87,219.46,1.17,3.99
DEB10590,65.43,270.13,26.12,20.55,52.07,2.57,63.73,33.7,0,0,2.55,0.01,0.04,16.09,220.65,1.17,3.99
DEB10600,28.35,320.83,25.18,21.69,49.3,3.67,29.97,66.36,0,0,2.44,0.04,0.05,16.26,221.27,1.17,3.99
DEB10610,757.75,395.61,23.49,19.52,45.18,18.33,14.04,67.44,0,0.19,3.05,-0.1,0.06,14.96,207.27,1.17,3.99
DEB10620,197.14,427.87,24.98,20.26,46.74,14.31,13.39,72.3,0,0,2.93,-0.08,0.07,15.69,212.73,1.17,3.99
DEB10630,14.39,306.69,24.65,20.75,54.6,0.46,21.94,77.6,0,0,2.96,-0.13,0.04,15.7,210.82,1.17,3.99
DEB10640,217.52,452.24,25.47,19.25,48.9,11.38,46,42.62,0,0,2.94,-0.05,0.08,15.64,211.07,1.17,3.99
DEB10650,58.19,445.52,25.39,19.48,49.85,10.66,30.79,58.55,0,0,2.93,-0.05,0.08,16.09,213.46,1.17,3.99
DEB10660,113.55,298.64,27.75,18.78,49.67,7.24,62.74,30.02,0,0,1.76,0.12,0.04,18.87,247.35,1.17,3.99
DEB10680,36.94,159.16,28.47,12.86,49.22,15.7,84.3,0,0,0,1.54,0.17,0.03,19.51,256.65,1.17,3.99
DEB10690,27.11,272.34,28,12.86,53.33,6.18,86.86,6.96,0,0,1.55,0.18,0.04,19.12,257.63,1.17,3.99
DEB10700,288.49,191.68,27.41,12.74,50.48,10.18,89.16,0.65,0,0,1.48,0.23,0.03,18.9,257.53,1.17,3.99
DEB10710,358.05,191.47,27.77,13.2,50.23,9.56,89.72,0.72,0,0,1.49,0.21,0.04,18.98,256.43,1.17,3.99
DEB10720,4060.37,352.71,26.43,21.9,45.95,7.81,49.88,42.27,0,0.04,1.9,0.04,0.04,18,236.52,1.17,3.99
DEB10730,169.52,258.52,27.93,21.26,46.58,5.22,72.95,21.83,0,0,1.58,0.2,0.04,18.34,253.2,1.17,3.99
DEB10740,84.59,309.62,27.2,19.51,49.87,4.68,48.82,46.5,0,0,1.61,0.19,0.04,18.43,253.83,1.17,3.99
DEB10750,203.09,229.16,27.63,18.94,47.55,7.16,72.56,20.29,0,0,1.5,0.23,0.04,18.6,256.7,1.17,3.99
DEB10790,24.95,202.5,26.95,18.98,52.62,2.96,82.53,14.51,0,0,2.1,-0.05,0.02,19.1,243.95,1.17,3.99
DEB10800,107.74,188.87,24.29,22.22,46.68,7.74,59.86,32.4,0,0,2.03,-0.01,0.03,18.27,238.3,1.17,3.99
DEB10810,100.53,229.26,25.08,20.99,47.15,7.44,57.75,34.81,0,0,2.06,-0.03,0.03,18.82,241.49,1.17,3.99
DEB10820,295.57,295.27,24.55,23.07,44.06,9.84,28.27,61.89,0,0,2.29,-0.09,0.03,18.29,234.3,1.17,3.99
DEB10830,196.72,358.42,25.94,24.75,45.83,4.71,11.69,83.6,0,0,2.47,-0.08,0.05,17.78,229.37,1.17,3.99
DEB10840,311.66,387.24,27.79,23.34,47.21,2.87,1.56,95.57,0,0,2.22,-0.03,0.06,17.58,230.42,1.17,4
DEB10860,66.21,305.54,26.87,19.54,48.14,7.95,31.91,60.14,0,0,1.7,0.12,0.04,18.73,251.37,1.17,4
DEB10870,127.41,237.71,26.24,17.84,47.3,11.35,56.72,31.93,0,0,1.66,0.11,0.03,19.11,253.63,1.17,4
DEB10900,124.83,469.22,25.46,22.72,51.36,0.7,64.16,35.14,0,0,2.58,-0.11,0.06,16.65,217.48,1.17,4
DEB10910,53.45,574.53,27.03,19.85,52.32,1.47,50.87,47.66,0,0,2.9,-0.16,0.09,15.61,211.33,1.17,4
DEB10930,326.17,500.45,25.49,21.83,51.62,2.45,57.4,40.15,0,0,2.62,-0.12,0.07,16.06,215.03,1.17,4
DEB10940,576.11,449.65,26.11,22.93,49.84,2.52,61.39,36.03,0,0.06,2.51,-0.1,0.06,16.3,217.05,1.17,4
DEB10950,101.37,461.79,25.73,23.21,50.32,1.76,62.3,35.94,0,0,2.53,-0.1,0.05,17.64,221.51,1.17,4
DEB10960,17.82,491.31,25.14,19.66,51.38,7.1,83.68,9.22,0,0,2.57,-0.09,0.08,16.78,220.31,1.17,4
DEB10970,136.6,483.31,25.2,22.46,50.91,3.79,59.98,36.23,0,0,2.59,-0.11,0.06,16.72,219.68,1.17,4
DEB10980,263.44,417.96,25.64,23.11,47.95,5.65,65.61,28.74,0,0,2.4,-0.06,0.06,16.49,221.4,1.17,4
DEB10990,38.06,321.57,26.3,26.99,45.69,1.52,67.69,30.8,0,0,2.21,-0.02,0.03,18.83,235.24,1.17,4
DEB11010,101.68,507.29,26.43,30.88,40.72,4.46,32.81,62.74,0,0,2.87,-0.16,0.07,17.19,219.07,1.17,4
DEB11020,224.84,458.7,26.46,28.49,42.71,4.37,35.3,60.19,0,0.14,2.58,-0.1,0.05,17,225.13,1.17,4
DEB11030,26.81,475.29,27.1,32.15,40.29,2.2,37.72,60.08,0,0,2.71,-0.13,0.05,18.15,225.77,1.17,4
DEB11100,22.68,552.43,27.92,19.95,51.86,0,41.76,58.24,0,0,2.64,-0.14,0.08,17.2,221.78,1.17,4
DEB11110,62.9,519.97,27.56,19.95,52.25,1.51,61.51,36.99,0,0,2.59,-0.14,0.08,16.89,220.2,1.17,4
DEB11120,49.99,500.83,27.24,21.92,50.46,0.52,26.46,73.02,0,0,2.52,-0.13,0.07,17.48,222.3,1.17,4
DEB11130,191.87,393.55,26.37,24.44,47.47,4.38,35.02,60.59,0,0,2.29,-0.08,0.05,17.13,225.27,1.17,4
DEB11140,169.59,489.5,26.78,25.28,45.8,3.33,37.8,58.87,0,0,2.3,0.01,0.06,17.09,227.07,1.17,4
DEB11150,123.64,487.63,26.89,26.32,44.77,2.52,43.27,54.21,0,0,2.63,-0.12,0.06,17.83,222.95,1.17,4
DEB11160,41.84,510.47,28,19.94,51.03,0.91,48.17,50.92,0,0,2.36,-0.09,0.08,17.16,224.48,1.17,4
DEB11170,274.94,447.32,27.12,23.18,47.32,4.32,42.64,52.94,0,0.1,2.42,-0.12,0.05,18.35,226.52,1.17,4
DEB11180,377.17,385.6,26.85,21.95,47.25,6.42,44.7,48.81,0,0.07,2.33,-0.1,0.05,17.26,224.5,1.17,4
DEB11190,51.16,438.83,27.88,22.67,47.9,3.15,51.2,45.65,0,0,2.14,0.06,0.04,17.77,237.24,1.17,4
DEB11200,40.23,464.94,25.66,21.52,48.71,4.51,60.27,34.59,0,0.62,2.42,-0.14,0.07,17.68,225.88,1.17,4
DEB11210,23.08,418.69,26.88,26.07,46.48,1.98,55.41,42.61,0,0,2.41,-0.14,0.05,17.41,224.93,1.17,4
DEB11230,349.77,482.07,27.19,21.46,49.78,3.97,52.44,43.59,0,0,2.07,-0.01,0.07,16.13,227.39,1.17,4
DEC10000,44.93,528.63,26.26,28.93,42.16,4.43,30.29,65.28,0,0,3.07,-0.16,0.07,17.48,216.94,1.17,4
DEC10080,16.45,616.96,28.12,26.9,44.21,6.44,19.5,74.06,0,0,3.1,-0.2,0.08,17.55,216.8,1.17,4
DEC10100,30.39,292.22,16.43,16.43,27.31,45.88,0,54.12,0,0,2.61,-0.11,0.03,7.77,95.75,1.17,4
DEC10110,317.48,353.12,23.04,24.63,41.16,15.47,50.77,33.77,0,0,2.63,-0.15,0.04,17.75,226.23,1.17,4
DEC10120,47.86,308.3,25.71,23.82,40.37,15.95,56.54,27.52,0,0,2.42,-0.04,0.03,17.85,234.58,1.17,4
DEC10130,440.98,435.98,25.31,28.6,41.29,8.6,34.78,56.35,0,0.28,2.9,-0.19,0.04,17.53,221.63,1.17,4
DEC10140,210.4,327.67,22.23,26.15,39.44,17.42,58.7,23.88,0,0,2.55,-0.11,0.04,18.23,229.28,1.17,4
DEC10150,62.41,467.67,25.64,27.63,42.09,7.73,35.52,56.75,0,0,2.96,-0.18,0.06,17.93,218.98,1.17,4
DEC10160,55.05,300.83,25.37,23.32,41.1,14.25,17.25,68.5,0,0,2.42,-0.08,0.03,18.09,228.3,1.17,4
DEC10200,713.33,389.56,24.18,27.73,40.56,11.83,42.81,45.19,0,0.17,2.77,-0.15,0.05,17.31,221.17,1.17,4
DEC10210,43.27,257.46,22.75,23.19,40.6,18.2,45.26,36.54,0,0,2.44,-0.1,0.03,18.54,230.45,1.17,4
DEC10230,77.19,284.74,22.02,19.2,37.44,28.35,52.36,19.29,0,0,2.35,-0.06,0.03,18.31,233.7,1.17,4
DEC10240,42.14,349.98,22.73,24.68,42.43,17.16,54.55,28.28,0,0,2.7,-0.18,0.04,17.7,223.23,1.17,4
DEC10280,104.66,396.62,24.44,29.36,39.93,10.99,39.79,48.92,0,0.31,2.82,-0.18,0.05,16.95,210.64,1.17,4
DEC10290,58.59,285.49,19.77,20.22,32.42,34.42,4.21,61.37,0,0,2.54,-0.08,0.03,17.85,230.4,1.17,4
DEC10300,12.73,451.64,26.3,33.73,38.89,2.34,31.51,66.14,0,0,2.75,-0.16,0.06,17.94,224.88,1.17,4
DEC10310,111.28,383.17,25.16,26.76,43.53,6.96,57.06,35.98,0,0,2.59,-0.15,0.05,17.91,223.88,1.17,4
DEC10320,18.39,620.02,29.63,25.81,42.86,3.01,10.6,86.39,0,0,3.03,-0.18,0.08,17.61,216.48,1.17,4
DEC10340,72.36,476.69,26.01,28.35,42.08,6.19,35.3,58.51,0,0,3.07,-0.19,0.07,17.57,217.61,1.17,4
DEC10350,13.7,445.74,25.8,30.28,40.73,13.28,25.56,61.16,0,0,3.01,-0.22,0.05,17.19,213.63,1.17,4
DEC10370,145.27,346.8,22.69,24.89,41.96,15.49,55.18,29.33,0,0,2.68,-0.16,0.04,18.18,226.18,1.17,4
DEC10380,8.47,394.19,24.93,29.65,44.46,2.25,53.03,44.71,0,0,2.76,-0.2,0.04,18.57,230.31,1.17,4
DEC10390,119.7,333.02,22.14,25.68,39.09,18.8,57.05,24.15,0,0,2.63,-0.12,0.04,18.2,228.41,1.17,4
DEC10410,42.68,377.05,24.56,26.4,44.29,10.97,56.17,32.87,0,0,2.66,-0.2,0.05,18.34,229.4,1.17,4
DEC10420,50.35,292.47,23.52,27.06,40.4,11.71,33.48,54.81,0,0,2.56,-0.14,0.03,17.7,224.5,1.17,4
DEC10430,51.6,314.8,23.15,21.77,37.69,21.28,1.61,77.11,0,0,2.61,-0.1,0.04,18.15,229.78,1.17,4
DEC10440,15.41,431.94,24.98,32.1,37.67,5.48,31.19,61.25,0,2.08,2.72,-0.15,0.05,17.76,225.36,1.17,4
DED10050,143.48,526.66,17.47,31.19,40.95,15.41,48.68,35.91,0,0,2.53,0.19,0.11,15.43,200.93,1.17,4
DED10070,49.25,759.1,15.25,39.28,37.73,8.49,40.51,50.51,0,0.49,2.72,0.09,0.2,17,216.92,1.17,4
DED10220,66.89,367.33,15.94,29.06,41.77,15.83,50.62,33.55,0,0,2.28,0.14,0.1,16.35,220.97,1.17,4
DED10240,653.48,194.04,14.37,45.5,33.49,8.54,52.75,35.01,0.12,3.58,1.85,0.27,0.07,16.86,237.87,1.17,4
DED10260,92.95,562.69,16.89,31.78,40.98,13.88,49.78,36.34,0,0,2.66,0.2,0.11,17.18,225.84,1.17,4
DED10290,6.2,725.98,17.38,40.29,42.33,0,13.89,86.11,0,0,2.64,0.15,0.23,14.44,202.6,1.17,4
DED10300,1263.92,241.01,22.51,20.33,46.17,11.22,76.26,10.84,0.15,1.53,1.74,0.3,0.07,16.98,243.53,1.17,4
DED10320,251.7,387.66,20.25,27.59,47.46,7.9,75.35,16.75,0,0,2.21,0.19,0.08,17.72,235.17,1.17,4
DED10340,399.1,447.41,16.58,25.32,35.75,27.93,48.84,23.23,0,0,2.3,0.24,0.1,15.03,206.24,1.17,4
DED10400,74.21,610.79,17.46,36.84,41.42,6.67,30.96,61.72,0,0.65,2.52,0.16,0.18,16.18,221.63,1.17,4
DED10480,227.13,317.52,17.69,32.04,42.8,11.29,70.5,18.21,0,0,2.16,0.15,0.09,17.31,232.28,1.17,4
DED10530,164.56,297.41,20.72,27.41,49.55,5.45,71.51,23.05,0,0,1.94,0.23,0.08,16.66,228.74,1.17,4
DED10620,295.07,249.08,17.53,34,38.14,13,54.3,32.45,0,0.26,2.06,0.16,0.08,17.7,235.92,1.17,4
DED10640,41.84,359.71,18.31,28.69,46.75,9.54,70.44,20.02,0,0,2.1,0.21,0.09,16.22,224.22,1.17,4
DED10690,192.54,289.83,18.06,30.17,45.58,9.71,79.23,11.06,0,0,1.93,0.25,0.08,17.27,240.36,1.17,4
DED10700,529.62,412.64,17.28,23.69,37.95,26.96,52.78,20.26,0,0,2.22,0.24,0.09,16.29,229.86,1.17,4
DED10830,133.02,438.87,18.86,27.79,38.89,18.71,62.45,18.84,0,0,2.28,0.26,0.09,15.2,206.33,1.17,4
DED10860,45.76,376.65,19.52,31.79,46.5,7.48,26.73,65.79,0,0,2.19,0.21,0.08,17.97,237.94,1.17,4
DED10890,53.8,270.99,17.75,27.84,51.99,6.18,81.1,12.72,0,0,1.87,0.28,0.08,17.64,244.86,1.17,4
DED10920,100.51,451.54,19.01,28.67,39.45,16.85,62.23,20.92,0,0,2.37,0.27,0.08,16.61,232.17,1.17,4
DED10970,126.29,236.3,17.29,34.2,45.73,4.73,72.93,21.66,0,0.67,1.89,0.28,0.08,17.64,242.86,1.17,4
DED11050,691.9,199.06,16.43,41.56,32.9,9.75,61.69,27.33,0,1.23,1.86,0.21,0.07,17.67,241.25,1.17,4
DED11120,40.11,264.92,18.65,37,37.8,10.18,27.72,62.1,0,0,2.02,0.26,0.07,17.27,232.95,1.17,4
DED11150,42.61,391.71,20.09,33.69,43.13,5.48,70.46,24.06,0,0,2.15,0.25,0.1,17.07,232.46,1.17,4
DED11190,150.85,466.09,19.41,33.39,43.66,5.87,82.37,11.77,0,0,2.36,0.17,0.11,15.22,201.56,1.17,4
DED11280,312.41,146.46,17.14,33.29,34.99,16.88,66.25,15.62,0,1.26,1.67,0.22,0.06,18.22,249.89,1.17,4
DED11370,25.15,168.8,15.96,44.59,36.17,2.57,79.62,15.9,0,1.91,1.73,0.3,0.05,18.26,252.47,1.17,4
DED11420,207.31,169.54,18.65,27.55,44.54,9.25,83.1,6.59,0,1.06,1.63,0.2,0.06,17.31,252.52,1.17,4
DED11450,113.6,317.92,20.61,27.02,50.24,5.48,62.71,31.8,0,0,2.05,0.25,0.07,17.96,240.24,1.17,4
DED11460,153.64,520.2,17.18,30.84,39.77,16.37,45.72,37.91,0,0,2.22,0.26,0.12,16.85,229.28,1.17,4
DED11480,55.25,193.16,18.52,26.35,43.21,4.94,77.42,13.66,0,3.98,1.68,0.2,0.05,17.27,252.29,1.17,4
DED11490,46.61,184.34,18.81,26.94,50.64,2.91,95.94,1.15,0,0,1.62,0.23,0.04,17.92,254.17,1.17,4
DED11510,61.04,161.18,20.01,32.81,41.94,4.58,63.49,30.54,0,1.39,1.64,0.21,0.05,17.6,242.37,1.17,4
DED11540,164.75,346.74,21.84,23.06,43.03,15.18,67.94,16.61,0,0.27,1.82,0.33,0.07,17.22,238.76,1.17,4
DED11610,679.51,184.99,14.63,43.12,33.71,7.83,60.56,28.79,0.46,2.36,1.85,0.2,0.07,15.56,217.13,1.17,4
DED11620,12.35,186.59,17.41,48.08,28.93,5.56,47.27,47.18,0,0,1.75,0.27,0.05,18.21,251.9,1.17,4
DED11640,49.93,372.24,20.64,29.97,40.61,12.61,66.65,20.74,0,0,2.14,0.28,0.08,14.61,196.28,1.17,4
DED11660,28.72,371.23,16.97,28.98,40.33,18.68,74.92,6.41,0,0,2.03,0.2,0.09,17.24,238.28,1.17,4
DED11690,30.89,606.94,16.05,33.07,41.18,10.87,44.93,44.21,0,0,2.71,0.2,0.11,18.17,231.39,1.17,4
DED11720,53.51,474.62,19.53,29.93,43.03,11.73,68.18,20.08,0,0,2.51,0.12,0.1,17.74,229.9,1.17,4
DED11790,63.23,207.38,21.34,26.98,47.66,4.97,95.03,0,0,0,1.75,0.18,0.06,17.86,246.56,1.17,4
DED11810,20.75,180.84,21.74,29.18,44.15,5.6,94.4,0,0,0,1.78,0.31,0.06,18.11,251.5,1.17,4
DED11820,41.73,255.54,19.81,27.43,50.06,4.55,81.61,13.84,0,0,2.01,0.19,0.08,16.61,230.87,1.17,4
DED11840,156.97,215.28,21.2,29.91,46.24,2.21,96.97,0.82,0,0,1.81,0.25,0.06,15.29,218.64,1.17,4
DED11960,103.28,264.47,18.98,27.49,49.61,5.23,77.24,17.52,0,0,2.01,0.19,0.07,17.43,240.17,1.17,4
DED11980,115.08,286.02,17.72,31.36,42.57,10.53,57.85,31.36,0,0.26,2.21,0.14,0.07,17.03,221.21,1.17,4
DED11990,78.88,186.32,14.73,44.68,26.86,11.96,61.42,22.49,0,4.12,1.75,0.27,0.05,18.03,252.74,1.17,4
DED12030,87.54,277.91,18.65,30.17,45.1,10.48,59.29,30.22,0,0,2.02,0.11,0.05,19.45,244.91,1.17,4
DED12100,78.71,333.3,20.84,29.46,47.51,5.62,69.46,24.93,0,0,1.92,0.25,0.09,15.02,209.13,1.17,4
DED12110,13.4,346.33,19.93,29.51,48.16,12.92,65.92,21.16,0,0,1.96,0.24,0.09,17.15,234.04,1.17,4
DED12180,71.77,605.33,15.72,30.25,37.98,23.53,26.39,50.08,0,0,2.51,0.22,0.13,16.78,223.41,1.17,4
DED12320,93.93,202.64,16.57,39.15,41.72,3.31,79.71,16.98,0,0,1.93,0.17,0.07,17.34,243.49,1.17,4
DED12340,43.48,268.52,17.59,27.77,50.9,8.11,82.38,9.51,0,0,1.84,0.35,0.06,18.7,251.53,1.17,4
DED12370,157.16,176.55,20.48,29.29,46.32,4.48,95.14,0.38,0,0,1.68,0.2,0.06,17.41,247.54,1.17,4
DED12430,124.82,361.68,20.17,24.03,37.44,24.77,61.47,13.76,0,0,2.05,0.25,0.07,17.7,242.33,1.17,4
DED12470,179.09,244.76,24.01,17.98,53.64,5.33,86.76,7.47,0,0.44,1.83,0.31,0.06,16.05,219.63,1.17,4
DED12500,132.87,242.98,16.7,33.5,45.09,10,79.32,10.17,0,0.52,1.87,0.27,0.07,18.09,244.21,1.17,4
DED12510,91.16,668.64,16.59,37.36,40.16,8.93,48.46,42.22,0.38,0,2.62,0.13,0.18,16.76,222.11,1.17,4
DED12520,164.52,306.56,20.81,28.39,48.48,5.4,72.29,22.31,0,0,1.9,0.28,0.08,17.24,241.9,1.17,4
DED12530,139.72,148.22,19.1,36.07,40.47,4.96,75.41,19.62,0,0,1.66,0.19,0.05,17.36,234.52,1.17,4
DED12570,165.75,196.02,15.52,40.47,34.96,8.22,57.78,31.3,0,2.7,1.89,0.17,0.07,17.75,242.08,1.17,4
DED12660,26.79,301.59,19.87,21.82,47.06,19.06,80.08,0.86,0,0,1.96,0.24,0.08,17.95,245.59,1.17,4
DED12680,35.78,624.68,15.85,41.48,39.75,4.65,78.91,16.45,0,0,2.59,0.16,0.17,16.46,221.02,1.17,4
DED12710,174.45,230.43,17.93,31.65,45.78,5.87,81.27,12.66,0,0.19,1.92,0.19,0.07,17.33,241.93,1.17,4
DEE10000,52.34,162.87,20.19,32.6,43.07,5.37,81.32,13.31,0,0,1.61,0.19,0.05,18.11,243.54,1.17,4
DEE10010,143.16,151.27,19.48,36.38,40.57,5.06,87.15,7.6,0.18,0,1.54,0.17,0.05,18.53,254.57,1.17,4
DEE10020,199.95,150.54,19.43,36.67,40.77,4.57,76.16,19.13,0.13,0,1.58,0.15,0.05,18.37,251.81,1.17,4
DEE10030,232.98,148.41,19.3,36.48,40.58,5.77,70.17,23.95,0.11,0,1.57,0.16,0.05,18.37,251.57,1.17,4
DEE10040,23.14,150.3,17.8,40.4,40.18,2.16,63.42,34.42,0,0,1.66,0.15,0.05,17.63,241.13,1.17,4
DEE10050,89.89,116.51,16.92,49.33,31.91,3.55,49.01,47.44,0,0,1.6,0.16,0.05,18.04,252.87,1.17,4
DEE10070,170.28,289.51,26.02,23.4,45.17,7.79,60.18,31.88,0,0.15,2.05,0.13,0.08,15.59,222.81,1.17,4
DEE10090,158.52,126.88,10.22,65.4,21.89,3.51,66.55,29.94,0,0,1.69,0.13,0.06,18.13,250.63,1.17,4
DEE10100,159.13,134.28,12.03,64.24,22.63,1.16,33.26,65.58,0,0,1.75,0.14,0.06,18.84,247.94,1.17,4
DEE10120,54.07,84.91,15.76,44.52,26.11,15.8,82.6,1.6,0,0,1.62,0.21,0.05,18.77,251.22,1.17,4
DEE10160,6016.63,289.26,26.73,17.62,49.77,7.29,66.85,25.4,0.01,0.44,1.69,0.23,0.05,16.47,237.72,1.17,4
DEE10170,6224.46,286.54,26.71,17.53,49.91,7.25,67.22,25.09,0.01,0.42,1.7,0.19,0.07,15.58,233.97,1.17,4
DEE10190,628.44,320.15,27.1,22.89,44.47,7.77,51.48,40.27,0,0.48,2.12,-0.04,0.08,12.79,178.58,1.17,4
DEE10200,904.59,316.31,26.45,21.51,46.28,6.75,49.49,42.58,0,1.18,2,0.03,0.08,15.71,228.94,1.17,4
DEE10210,30.59,472.3,27.36,20.33,51.77,1.81,1.57,96.62,0,0,2.21,-0.05,0.13,15.53,212.9,1.17,4
DEE10230,14.09,361.62,24.68,17.34,57.99,0,13.32,86.68,0,0,1.94,0.09,0.08,16.29,219.82,1.17,4
DEE10240,62.47,321.94,24.85,17.87,56.18,0.51,41.04,58.45,0,0,1.69,0.13,0.08,15.73,216.38,1.17,4
DEE10250,86.34,268.96,23.97,14.43,53.13,12.21,53.97,33.82,0,0,1.58,0.23,0.06,17.5,243.61,1.17,4
DEE10260,117.74,209.36,26.51,15.17,55,4,78.37,17.64,0,0,1.46,0.26,0.06,17.42,250.37,1.17,4.01
DEE10270,54.39,252.25,25.59,15.19,54.98,3.86,69.59,26.56,0,0,1.66,0.23,0.06,18.19,253.23,1.17,4.01
DEE10280,204.24,260.1,26.15,16.04,54.04,4.04,86.8,9.17,0,0,1.65,0.33,0.06,15.75,224.55,1.17,4.01
DEE10290,162.04,174.58,26.07,13.29,53.96,8.65,83.46,7.89,0,0,1.57,0.35,0.06,14.82,206.89,1.17,4.01
DEE10310,98.01,134.93,22.02,16.43,51.78,12.29,84.15,3.56,0,0,1.4,0.35,0.05,18.32,252.97,1.17,4.01
DEE10340,69.04,256.39,24.32,20.24,51.9,5.63,88.32,6.05,0,0,1.75,0.35,0.05,17.42,249.23,1.17,4.01
DEE10350,120.39,108.74,18.38,25.85,33.6,26.48,70.24,2.44,0,0.85,1.47,0.35,0.04,18.89,262.43,1.17,4.01
DEE10360,47.39,140.6,20.98,33.84,36.97,12.09,86.69,1.22,0,0,1.49,0.31,0.05,18.46,261.33,1.17,4.01
DEE10370,553.38,183.78,24.59,13.71,52.53,10.91,76.74,11.46,0.23,0.65,1.45,0.27,0.07,15.67,225.74,1.17,4.01
DEE10380,103.1,232.7,24.21,11.57,49.32,18.89,65.06,16.04,0,0,1.5,0.2,0.07,18,258.15,1.17,4.01
DEE10390,51.66,248.34,26.84,16.85,54.33,4.65,55.11,40.24,0,0,1.48,0.34,0.05,19.2,265.04,1.17,4.01
DEE10400,175.63,210.32,25.85,14.2,54.07,7.17,79.97,12.87,0,0,1.46,0.27,0.06,17.85,250.9,1.17,4.01
DEE10410,108.28,173.3,27.66,11.97,55.57,5.62,93.47,0.91,0,0,1.38,0.29,0.06,19.13,265.8,1.17,4.01
DEE10420,73.95,413.31,27.7,19.12,51.49,2.04,46.88,50.66,0,0.42,1.91,-0.01,0.1,18.22,241,1.17,4.01
DEE10430,136.86,399.01,27.07,18.85,52.36,2.54,41.55,55.68,0,0.23,1.79,0.07,0.11,18.06,242.54,1.17,4.01
DEE10440,226.4,360.86,26.1,17.24,54.71,2.83,44.3,52.74,0,0.14,1.72,0.09,0.1,16.82,235.58,1.17,4.01
DEE10450,547.7,287.17,25.56,14.22,54.77,6.74,58.92,34.28,0,0.06,1.59,0.17,0.09,17.44,248.81,1.17,4.01
DEE10460,73.33,329.45,26.31,16.71,56.38,1.95,45.3,52.76,0,0,1.65,0.19,0.09,11.25,158.36,1.17,4.01
DEE10470,164.37,280.65,26.31,14.19,57.67,2.82,62.71,34.47,0,0,1.54,0.21,0.09,16.84,239.43,1.17,4.01
DEE10480,680.74,93.96,20.07,37.93,34.68,9.47,88.49,1.39,0.13,0.51,1.43,0.29,0.05,14.82,216.97,1.17,4.01
DEE10520,159.02,610.64,26.59,23.11,49.16,2.79,7.28,89.38,0.39,0.16,3.21,-0.21,0.16,14.96,198.75,1.17,4.01
DEE10530,315,555.81,27.38,20.8,48.48,4.71,19.2,74.36,0.2,1.54,2.75,-0.16,0.14,15.98,212.03,1.17,4.01
DEE10540,387.41,535.86,27.5,20.79,48.82,4.19,17.5,76.83,0.16,1.32,2.62,-0.14,0.12,15.55,213.56,1.17,4.01
DEE10550,700.18,395.57,25.97,18.41,50.31,7.64,35.13,56.37,0.09,0.78,2.11,-0.02,0.1,16.1,224.6,1.17,4.01
DEE10560,1206.89,335.75,25.67,17.24,51.83,7.08,44.73,47.1,0.05,1.04,1.89,0.08,0.09,15.7,225.18,1.17,4.01
DEE10570,2735.51,235.25,24.69,20.73,49.31,7.01,64.8,27.64,0.02,0.53,1.73,0.15,0.07,15.91,236.45,1.17,4.01
DEE10580,3214.27,214.82,24.41,20,50.21,7.17,68.3,23.98,0.02,0.53,1.72,0.15,0.05,16.36,237.73,1.17,4.01
DEE10590,71.32,615.07,26.62,23.56,48.15,3.76,5.55,89.96,0.73,0,3.36,-0.19,0.17,15.8,205.01,1.17,4.01
DEE10600,102.7,588.64,27.27,22.68,48.88,2.82,6.37,90.3,0.51,0,3.18,-0.18,0.17,14.78,195.39,1.17,4.01
DEE10610,24.41,780.99,22.8,28,48.94,3.12,0.59,96.01,0.28,0,3.85,-0.17,0.25,14.51,191.54,1.17,4.01
DEE10620,44.03,694.68,24.21,25.42,49.52,2.25,3.89,93.7,0.16,0,3.47,-0.2,0.2,14.98,200.77,1.17,4.01
DEE10630,38.8,543.06,28.99,20.35,49.04,4.12,19.24,76.64,0,0,2.63,-0.14,0.15,15.06,198.86,1.17,4.01
DEE10640,35.3,508.82,31.6,18.34,48.31,4.04,54.62,41.34,0,0,2.14,-0.09,0.13,13,175.8,1.17,4.01
DEE10660,25.57,499,28.55,19.12,50.91,2.75,29.63,67.62,0,0,2.07,0,0.09,18,242.95,1.17,4.01
DEE10670,100.78,456.15,27.58,20.57,50.45,3.13,34.52,62.35,0,0,2.02,-0.01,0.13,17.45,236.58,1.17,4.01
DEE10680,179.39,423.97,27.04,20.18,51.01,3.07,23.5,73.43,0,0,1.88,0.05,0.12,17.36,239.84,1.17,4.01
DEE10690,453.98,268.1,25.22,15.76,53.85,6.49,53.92,38.21,0,1.38,1.6,0.17,0.07,17.62,247.65,1.17,4.01
DEE10700,26.28,403.3,27.33,19.82,50.52,1.94,10.71,87.35,0,0,1.89,0.09,0.08,16.97,232.95,1.17,4.01
DEE10710,9.22,732.93,23.89,24.98,51.14,0,2.57,97.43,0,0,3.69,-0.17,0.24,14.41,193.69,1.17,4.01
DEE10720,15.85,652.44,24.94,23.25,51.81,0,1.5,98.5,0,0,3.35,-0.16,0.18,14.22,192.35,1.17,4.01
DEE10730,160.71,338.18,24.54,21.38,46.24,10.29,42.49,47.21,0,0,1.98,0.03,0.08,17.13,234.66,1.17,4.01
DEE10740,269.03,263.9,23.95,20.05,47.53,10.22,58.94,30.62,0,0.22,1.83,0.11,0.06,16.46,226.36,1.17,4.01
DEE10760,30.22,476.95,27.07,19.54,50.88,3.49,0.58,95.93,0,0,2.26,-0.04,0.12,16.97,218.89,1.17,4.01
DEE10790,25.37,246.21,24.45,25.45,48.57,3.56,58.59,37.85,0,0,1.58,0.18,0.07,18.47,254.62,1.17,4.01
DEE10810,846.36,131.53,23.97,28.43,43.96,5.38,86.92,7.67,0,0.03,1.61,0.2,0.04,17.73,248.25,1.17,4.01
DEE10830,144.64,81.02,10.77,70.13,18.07,1.66,46.49,51.86,0,0,1.52,0.19,0.05,18.5,255.73,1.17,4.01
DEE10840,180.15,77.32,10.77,68.35,17.76,4.66,46.98,48.36,0,0,1.55,0.26,0.05,18.22,254.97,1.17,4.01
DEE10850,128.28,92.57,10.87,67.38,20.74,2,24.73,73.27,0,0,1.59,0.19,0.05,16.86,232.66,1.17,4.01
DEE10880,159,39.28,11.65,72.05,13.5,2.8,58.37,38.58,0,0.25,1.52,0.26,0.04,18.47,257.03,1.17,4.01
DEE10890,187.33,39.96,11.16,72.87,13.39,2.57,53.55,43.68,0,0.21,1.52,0.25,0.04,18.21,257.08,1.17,4.01
DEE10900,59.91,34.37,11.63,71.74,15.8,2.96,85.97,11.07,0,0,1.57,0.23,0.04,19.1,259.84,1.17,4.01
DEE10910,488.01,104.81,12.16,64.67,20.28,4,54.99,40.93,0,0.08,1.59,0.17,0.05,17.83,250.58,1.17,4.01
DEE10920,142.98,111.91,12.05,64.67,21.53,1.99,48.57,49.16,0,0.28,1.64,0.21,0.04,17.1,233.83,1.17,4.01
DEE10930,73.28,96.05,12.02,66.84,19.79,2.26,58.82,38.92,0,0,1.63,0.21,0.05,18.36,252.56,1.17,4.01
DEE10940,127.48,130.78,12.48,64.22,21.99,3.02,34.58,62.39,0,0,1.68,0.21,0.06,18.72,248.93,1.17,4.01
DEE10950,120.21,92.23,22.67,18.16,54.36,5.98,93.11,0.91,0,0,1.45,0.27,0.05,14.18,195.81,1.17,4.01
DEE10960,71.62,103.19,10.56,69.52,18.09,2.08,49.07,48.85,0,0,1.58,0.2,0.05,16.02,217.57,1.17,4.01
DEE10970,262.9,85.87,11.44,68.03,18.45,2.62,66.67,30.59,0,0.12,1.49,0.2,0.05,18.94,255.98,1.17,4.01
DEE10980,142.26,84.97,13.19,57.88,26.56,2.82,69.38,27.79,0,0,1.78,0.1,0.04,17.93,241.79,1.17,4.01
DEE11020,179.61,122.4,19.13,38.89,38.26,5.17,91.88,2.95,0,0,1.51,0.2,0.05,18.67,256.2,1.17,4.01
DEE11030,371.99,63,11.78,66.35,19.94,2.99,46.44,50.56,0,0,1.53,0.26,0.04,18.27,254.29,1.17,4.01
DEE11050,97.52,67.04,11.28,65.58,21.57,1.95,55.35,42.7,0,0,1.53,0.24,0.04,18.58,256.74,1.17,4.01
DEE11060,705.52,55.76,10.53,66.47,20.59,3.17,66.34,30.49,0,0,1.57,0.27,0.04,18.7,249.53,1.17,4.01
DEE11070,1597.73,46.43,10.54,68.03,18.14,4.32,74.3,21.37,0,0.02,1.49,0.22,0.04,15.63,230.84,1.17,4.01
DEE11090,145.4,78.4,10.8,63.89,21.68,5.63,27.38,66.99,0,0,1.54,0.17,0.04,18.38,254.62,1.17,4.01
DEE11100,251.33,69.76,10.75,63.86,22.08,5.02,46.48,48.49,0,0,1.54,0.29,0.04,18.64,257.78,1.17,4.01
DEE11110,61.78,81.59,10.38,68.13,20.06,3.71,23.18,73.11,0,0,1.56,0.27,0.04,18.5,255.36,1.17,4.01
DEE11120,203.51,47.92,10.01,69.03,18.79,2.48,76.65,20.87,0,0,1.53,0.29,0.04,19.11,254.08,1.17,4.01
DEE11130,131.21,56.35,11.14,63.39,23.72,1.82,72.3,25.88,0,0,1.6,0.23,0.04,17.73,248.17,1.17,4.01
DEE11140,38.31,69.41,10.15,65.44,21.11,8.17,54.34,37.5,0,0,1.53,0.25,0.04,18.72,256.48,1.17,4.01
DEE11150,89.94,57.4,10.79,65.53,20.94,4.7,76.04,19.26,0,0,1.53,0.24,0.04,17.93,256.06,1.17,4.01
DEE11160,134.69,52.2,10.36,64.62,18.78,8.26,74.06,17.68,0,0,1.53,0.25,0.04,17.82,255.54,1.17,4.01
DEE11170,385.25,43.71,10.63,67.37,16.36,7.58,78.26,14.09,0,0.07,1.49,0.21,0.05,17.68,252.81,1.17,4.01
DEE11200,202.53,62.09,12.36,56.57,29.33,2.03,69.99,27.82,0,0.15,1.66,0.15,0.04,16.58,235.81,1.17,4.01
DEE11210,440.21,54.22,11.95,58.99,26.67,2.51,73.9,23.52,0,0.07,1.72,0.19,0.04,17.24,243.9,1.17,4.01
DEE11220,130.91,55.66,11.61,58.36,26.38,3.49,69.35,27.16,0,0,1.66,0.18,0.04,17.73,248.42,1.17,4.02
DEE11230,196.14,63.61,12.42,59.23,26.79,1.63,76.36,22.01,0,0,1.71,0.13,0.03,13.62,187.25,1.17,4.02
DEE11250,110.88,37.71,9.99,72.47,16.08,1.54,81.75,16.71,0,0,1.58,0.21,0.04,18,252.54,1.17,4.02
DEF10110,88.75,48.29,9.85,56.61,19.59,22.06,62.41,15.54,0,0,2.22,0.05,0.03,17.97,229.63,1.17,4.02
DEF10160,252.63,12.83,14.39,62.25,20.72,5.55,89.65,4.32,0.34,0.15,2.46,0.19,0.03,15.25,210.98,1.17,4.02
DEF10190,136.29,42.36,11.32,57.65,27.4,3.83,91.24,3.62,0.59,0.71,2.49,0.1,0.03,15.77,221.7,1.17,4.02
DEF10220,74.54,30.55,6.79,72.57,14.74,13.53,69.69,12.6,3.77,0.4,2.32,0.06,0.03,16.61,225.18,1.17,4.02
DEF10230,174.29,38.02,7.28,72.81,15.82,5.43,60.11,33.78,0.69,0,2.37,0.02,0.03,17,223.24,1.17,4.02
DEF10240,178.44,36.83,8.74,71.58,17.7,4.13,69.76,26.11,0,0,2.31,0.04,0.03,16.72,226.01,1.17,4.02
DEF10250,219.03,40.96,15.23,49.03,30.09,5.07,82.25,10.97,0,1.7,2.02,0.11,0.03,16.24,233.01,1.17,4.02
DEF10280,210.99,30.44,7.33,74.73,16.22,3.9,77.77,17.44,0.75,0.13,2.36,0.08,0.03,16.86,223.59,1.17,4.02
DEF10380,83.07,33.77,12.54,58.2,27.03,4.41,89.47,6.12,0,0,2.25,0.1,0.03,17.34,229.53,1.17,4.02
DEF10440,27.97,22.51,6.64,75.14,13.55,7.38,85.78,6.13,0,0.71,2.36,0.08,0.03,16.73,224.1,1.17,4.02
DEF10460,34.31,23.01,7.29,76.98,15,5.56,70.19,23.66,0.6,0,2.39,0.08,0.02,16.65,223.85,1.17,4.02
DEF10480,63.02,27.86,7.82,75.44,16.21,1.91,75.7,19.44,2.52,0.43,2.37,0.07,0.03,16.61,217.02,1.17,4.02
DEF10510,19.15,41.07,12.8,58.28,28.38,1.58,92.9,3.75,1.78,0,2.4,0.14,0.03,16.61,226.91,1.17,4.02
DEF10600,75.28,41.2,9.14,69.83,18.75,3.19,86.47,10.34,0,0,2.37,0.05,0.03,16.94,224.84,1.17,4.02
DEF10640,28.91,44.57,16.37,52.41,27.55,7.28,85.31,7.41,0,0,2.06,0.07,0.04,18.29,236.81,1.17,4.02
DEF10670,88.87,24.38,7.04,73.37,15.3,9.06,83.99,6.95,0,0,2.39,0.04,0.03,17.14,225.44,1.17,4.02
DEF10710,49.95,54.49,11.1,54.01,20.38,24.05,58.3,17.65,0,0,2.2,0.06,0.03,17.92,230.47,1.17,4.02
DEF10720,49.64,20.01,8.82,48.33,19.42,4.09,68.17,7.22,0.42,20.11,2.39,0.1,0.03,16.71,226.54,1.17,4.02
DEF10790,5.76,29.63,10.09,56.41,21.98,13.9,80.5,5.6,0,0,2.36,0.09,0.03,17.35,230.11,1.17,4.02
DEF10830,16.48,22.79,10.78,70.53,17.54,2.79,79.22,17.99,0,0,2.58,0.14,0.03,16.2,218.64,1.17,4.02
DEF10920,39.02,24.92,6.86,75.87,16.86,1.1,82.95,15.95,0,0,2.55,0.1,0.02,16.62,214.97,1.17,4.02
DEF10930,74.92,15.19,10.93,72.15,16.56,2.39,91.33,5.56,0.72,0,2.46,0.12,0.03,16.29,223.5,1.17,4.02
DEF10980,188.69,40.06,10.3,60.92,23.72,6.34,86.7,5.69,0.43,0.83,2.47,0.07,0.03,16.37,224.81,1.17,4.02
DEF11020,91.09,41.2,10.39,63.69,20.42,3.88,83.77,10.04,0.75,1.56,2.31,0.01,0.03,14.19,183.1,1.17,4.01
DEF11050,83.19,34.75,8.19,71.51,19.99,0.86,94.52,4.61,0,0,2.58,0.14,0.03,15.59,220.77,1.17,4.01
DEF11060,25.85,15.28,8.91,71.9,13.11,7.17,89.9,1.96,0,0.97,2.42,0.11,0.03,16.43,225.04,1.17,4.01
DEF11070,106.46,31.14,8.21,72.68,18.73,1.42,92.57,5.49,0.52,0,2.51,0.11,0.03,12.4,166.52,1.17,4.01
DEF11220,29.76,46.67,6.43,53.99,14.23,38.07,52.02,9.91,0,0,2.58,0.21,0.04,15.83,222.37,1.17,4.01
DEF11240,114.15,39.42,10.32,63.94,20.17,4.99,83.75,9.43,0.6,1.24,2.34,0.05,0.03,17.12,228.21,1.17,4.01
DEF11250,463.31,35.08,7.69,71.85,16.25,7.53,65.62,25.82,0.97,0.06,2.33,0.02,0.03,16.66,223.97,1.17,4.01
DEF11280,67.2,19.06,9.06,71.83,14.32,6.27,87.64,4.43,0.4,1.26,2.39,0.15,0.03,16.64,226.25,1.17,4.01
DEF11310,788.79,23.28,12.09,65.26,20,4.79,88.4,5.24,0.98,0.58,2.48,0.15,0.03,14.29,217.44,1.17,4.01
DEF11320,879.51,8.13,18.13,54.99,23.51,5.91,81.83,7.3,3.71,1.24,2.37,0.18,0.03,14.55,209.18,1.17,4.01
DEF11360,229.05,31.6,11.41,60.37,25.63,3.23,87.4,8.32,0.28,0.77,2.42,0.14,0.03,15.94,210.01,1.17,4.01
DEF11420,33.4,49.53,14.76,57.19,26.92,0.83,92.4,6.77,0,0,2.14,0.12,0.04,17.58,233.53,1.17,4.01
DEF11430,30.64,37.57,11.59,54.38,27.39,9.94,84.16,4.73,0,1.17,2.39,0.07,0.03,16.86,228.13,1.17,4.01
DEF11510,24.67,43.92,6.47,76.39,15.36,2.73,82.65,14.62,0,0,2.43,0.12,0.03,17.11,222.21,1.17,4.01
DEF11570,9.58,9.59,7.98,74.62,17.4,0,93.55,6.45,0,0,2.33,0.09,0.02,14.71,199.46,1.17,4.01
DEF11730,42.41,20.84,4.41,33.31,9.53,57.01,39.2,3.79,0,0,2.16,0.12,0.02,17.29,229.41,1.17,4.01
DEF11750,39.35,45.28,9.99,68.33,19.21,5.06,64.55,30.39,0,0,2.27,0.04,0.03,15.16,197.98,1.17,4.01
DEF11760,73.48,55.19,15.7,55.93,26.82,3.47,66.7,29.83,0,0,2.08,0.06,0.04,17.74,233.36,1.17,4.01
DEF11770,138.68,39.12,10.19,62.6,19.85,8.93,80.1,9.17,0.49,1.31,2.33,0.05,0.03,16.6,221.56,1.17,4.01
DEF11780,31.31,48.23,18.37,48.98,31.25,0,85.47,14.53,0,0,2,0.13,0.04,16.71,237.24,1.17,4.01
DEF11820,430.67,44.61,12.73,57.04,23.68,5.58,80.36,11.78,0,2.28,2.11,0.03,0.04,13.29,188.65,1.17,4.01
DEF11900,32.57,30.94,7.59,63.25,14.69,24.21,70.95,4.84,0,0,2.3,0.08,0.03,17.52,226.84,1.17,4.01
DEF11950,12.82,13.63,10.12,66.7,19.58,25.49,51.95,22.56,0,0,2.24,0.17,0.02,17.08,230.47,1.17,4.01
DEF11970,25.66,20.94,10.57,64.58,23.47,2.95,84.58,12.47,0,0,2.37,0.04,0.03,16.48,227.59,1.17,4.01
DEF12040,61.56,41.63,6.79,74.87,17.01,3.68,75.99,20.33,0,0,2.35,0.09,0.02,16.88,225.39,1.17,4.01
DEF12080,109.87,14.93,12.26,66.63,19.8,4.65,91.53,3.58,0.23,0,2.56,0.21,0.03,14.67,205.16,1.17,4.01
DEF12090,101.53,22.53,7.45,75.82,14.4,4.1,78.63,16.86,0.22,0.19,2.38,0.09,0.03,16.54,223.81,1.17,4.01
DEF12170,673.35,29.45,7.41,69.71,15.95,9.84,76.43,12.62,0.7,0.42,2.34,0.07,0.03,13.86,190.3,1.17,4.01
DEF12200,57.54,46.75,16.1,50.15,30.72,1.44,88.15,9.62,0,0.78,2.06,0.09,0.03,16,231.23,1.17,4.01
DEF12210,718.43,44.98,11.46,49.47,22,8.33,66.72,14.27,0.31,10.36,2.09,0.09,0.03,15.59,227.72,1.17,4.01
DEF12330,37.65,15.26,9.71,69.21,18.34,4.22,92.81,2.97,0,0,2.2,0.13,0.02,17.52,228.09,1.17,4.01
DEF12340,130.63,20.83,8.37,67.35,16.57,10.55,77.19,11.13,1.13,0,2.23,0.12,0.03,16.96,225.77,1.17,4.01
DEF12360,72.37,43.73,13.32,54.72,27.36,0.83,81.41,13.73,0.5,3.54,2.07,0.15,0.03,16.96,235.79,1.17,4.01
DEF12450,36.69,30,6.65,63.33,14.15,21.29,67.04,11.68,0,0,2.28,0.1,0.03,16.76,225.41,1.17,4.01
DEF12460,26.18,31.57,5.99,59.17,12.84,28.75,60.73,10.52,0,0,2.44,0.15,0.04,16.17,221.05,1.17,4.01
DEF12540,139.53,14.5,8.63,78.31,11.52,3.97,90,6.03,0,0,2.49,0.2,0.02,16.07,222.73,1.17,4.01
DEF12550,138.72,14.55,8.66,78.6,11.54,3.57,90.36,6.07,0,0,2.43,0.04,0.03,16.79,223.71,1.17,4.01
DEF12650,51.33,19.89,17.61,50.76,30.84,1.27,97.4,1.33,0,0,1.88,0.16,0.03,13.4,187.27,1.17,4.01
DEF12680,912.49,40.44,12.55,58.12,23.38,6.94,81.33,10.5,0.06,1.17,2.12,0.07,0.04,15.28,203.02,1.17,4.01
DEF12700,90.6,47.79,14.42,56.39,25.17,6.32,76.03,17.64,0,0,2.04,0.09,0.03,17.83,236.67,1.17,4.01
DEF12710,33.56,38.79,15.2,59.09,23.6,3.4,85.74,10.86,0,0,2.03,0.08,0.04,16.74,235.76,1.17,4.01
DEF12720,40.13,13.64,11.48,74.55,13.33,1.57,88.65,9.78,0,0,2.41,0.13,0.03,15.59,212.01,1.17,4.01
DEF12730,33.68,17.77,7.79,81.2,10.64,1.68,95.23,3.08,0,0,2.51,0.18,0.03,16.59,223.19,1.17,4.01
DEF12770,49.59,42.69,15.14,53.65,30.34,2.83,87.57,9.6,0,0,2.04,0.14,0.04,16.4,234.73,1.17,4.01
DEF12830,29.27,30.13,9.8,67.08,19.53,5.45,93.02,1.53,0,0,2.67,0.09,0.03,16.04,217.41,1.17,4.01
DEF12840,222.34,12.09,14.68,56.69,23.51,7.59,83,8.65,0.49,0.27,2.47,0.22,0.03,13.05,183.93,1.17,4.01
DEF12940,76.19,41.31,11.89,55.23,28.6,4.45,88.21,5.97,0.45,0.92,2.43,0.07,0.03,16.83,226.3,1.17,4.01
DEF12960,85.65,36.8,7.89,65.59,18.18,14.39,78.27,7.04,0,0.3,2.32,0.06,0.03,17.32,226.58,1.17,4.01
DEF12980,48.41,36.68,9.67,61.94,21.56,10.41,77.03,11.34,0.47,0.74,2.22,0.06,0.04,18.17,230.64,1.17,4.01
DEF13040,48.66,23.92,7.43,80.48,11.44,1.73,91.61,6.66,0,0,2.5,0.16,0.03,16.32,220.81,1.17,4.01
DEF13080,42.42,39.77,13.12,57.41,28.36,1.98,98.02,0,0,0,2.3,0.12,0.03,16.9,226.78,1.17,4.01
DEF13090,874.92,8.17,18.08,55.12,23.46,5.91,81.91,7.34,3.69,1.16,2.37,0.17,0.03,14.5,206.04,1.17,4.01
DEF13110,66.28,53.06,14.4,59.4,24.24,5.14,74.78,20.08,0,0,2.05,0.06,0.03,17.94,235.13,1.17,4.01
DEF13120,496.12,43.44,12.68,57.69,23.58,5.44,81.73,10.85,0,1.98,2.16,0.06,0.04,16,227.1,1.17,4.01
DEF13130,13.88,41.89,9.64,55.08,28.05,6.73,79.43,13.84,0,0,2.57,0.14,0.03,16.72,226.24,1.17,4.01
DEF13180,543.34,42.75,12.65,58.06,23.48,5.39,82.37,10.38,0.05,1.81,2.16,0.09,0.04,16.45,227.63,1.17,4.01
DEF13200,543.93,42.72,12.64,58.01,23.46,5.49,82.28,10.37,0.05,1.81,2.21,0.17,0.05,16.59,226.64,1.17,4.01
DEF13210,210.12,42.65,11.49,61.14,21.87,8.58,80.9,10.24,0.11,0.17,2.14,0.09,0.03,17.25,229.28,1.17,4.01
DEF13240,113.02,27.84,7.92,70.84,15.64,5.61,73.49,14.96,2.51,3.43,2.35,0.08,0.03,16.09,223.58,1.17,4.01
DEF13250,205.31,34.79,7.48,62.81,15.64,18.03,68.88,11.78,1.3,0,2.38,0.05,0.03,16.37,224.44,1.17,4.01
DEF13390,93.74,42.63,13.22,59.01,23.09,6.74,75.84,17.04,0,0.38,2.04,0.08,0.04,16.12,216.47,1.17,4.01
DEF13410,417.66,47.13,11.82,43.57,22.39,7.49,59.54,16.88,0.3,15.78,2.11,0.1,0.03,16.23,229.61,1.17,4.01
DEF13450,139.74,40.22,10.44,61.72,21.86,9.34,79.47,10.76,0.16,0.26,2.19,0.07,0.03,17.74,228.9,1.17,4.01
DEF13480,70.79,43.77,13.25,54.69,27.37,0.85,81.69,13.34,0.51,3.62,2.06,0.12,0.03,16.69,227.11,1.17,4.01
DEF13490,34.29,16.82,8.97,70.42,18.93,4.57,70.08,21.21,2.22,1.92,2.24,0.11,0.02,17.34,230.16,1.17,4.01
DEF13560,343.74,53.16,13.03,57.69,23.64,10.49,53.29,35.7,0.13,0.4,2.14,0.06,0.03,17.34,228.73,1.17,4.01
DEF13580,76.52,21.44,8.04,51.95,14.61,32.49,56.66,10.85,0,0,2.23,0.1,0.02,17.6,229.27,1.17,4.01
DEF13590,69.78,29.24,7.06,59.65,14.12,28.89,62.76,8.35,0,0,2.3,0.09,0.03,17.49,227.76,1.17,4.01
DEF13620,23.32,31.15,6.84,76.23,16.39,2.69,71.96,25.35,0,0,2.45,0.08,0.02,17.17,224.56,1.17,4.01
DEF13680,235.72,54.21,13.99,57.63,24.32,7.22,63.01,29.01,0.18,0.58,2.16,0.05,0.03,17.69,229.96,1.17,4.01
DEF13710,220.4,30.34,7.37,74.66,16.32,3.99,77.17,18,0.72,0.12,2.39,0.09,0.03,16.86,223.73,1.17,4.01
DEF13760,348.87,46.16,13.28,56.87,24.82,3.79,80.79,13.29,0,2.13,2.15,0.05,0.03,17.21,228.87,1.17,4.01
DEF13790,22.23,18.28,11.25,68.28,18.99,1.49,93.32,5.19,0,0,2.63,0.14,0.03,15.94,211.36,1.17,4.01
DEF13980,136.01,43.04,15.35,47.64,30.18,4.29,85.11,7.86,0,2.74,2.08,0.13,0.03,15.15,218.23,1.17,4.01
DEF14050,758.17,42.58,12.3,58.77,22.97,6.63,81.64,10.32,0.07,1.35,2.17,0.07,0.03,16.4,226.16,1.17,4.01
DEF14080,44.75,68.41,17.03,50.62,30.61,1.96,74.7,23.34,0,0,2.09,0.1,0.04,16,230.01,1.17,4.01
DEF14090,38.58,39.18,17.18,44.85,31.36,8.76,77.96,13.28,0,0,1.99,0.05,0.03,17.6,242.23,1.17,4.01
DEF14110,314.47,33.01,9.49,66.85,19.75,6.08,87,5.52,0.64,0.77,2.51,0.16,0.04,14.7,219.06,1.17,4.01
DEF14120,87.67,23.48,8.47,76.14,14.29,1.7,92.53,3.42,1.38,0.97,2.47,0.11,0.03,16.37,225.16,1.17,4.01
DEF14130,49.41,45.36,10.97,58.2,27.64,3.09,95.96,0.4,0,0.55,2.47,0.07,0.03,16.56,224.19,1.17,4.01
DEF14170,142.85,19.78,7.61,71.78,16.05,9.57,77.97,8.82,2.58,1.06,2.35,0.11,0.03,16.77,225.87,1.17,4.01
DEF14200,10.95,19.55,9.97,73.8,16.24,0,85.92,14.08,0,0,2.51,0.17,0.02,15.52,218.21,1.17,4.01
DEF14230,82.1,17.33,7.48,81.86,9.97,2.38,93.41,4.21,0,0,2.47,0.25,0.04,17.23,227.42,1.17,4.01
DEF14320,24.34,32.3,13.2,57.84,28.95,0.03,94.95,5.02,0,0,2.22,0.1,0.03,16.65,218.19,1.17,4.01
DEF14350,10.4,28.75,9.6,70.38,18.3,1.85,98.15,0,0,0,2.62,0.1,0.03,17.17,220.56,1.17,4.01
DEF14440,87.84,27.5,8.76,70.27,16.82,6.39,87.17,6.44,0,0,2.45,0.1,0.03,16.83,223.44,1.17,4.01
DEF14500,482.78,30.1,9.32,68.71,18.95,4.76,88.83,5.32,0.53,0.55,2.46,0.09,0.03,16.34,223.44,1.17,4.01
DEF14550,72.42,60.86,14.08,56.63,23.12,9.79,58.84,28.89,0.59,1.89,2.13,0.06,0.03,17.38,231.91,1.17,4.01
DEF14580,28.14,33.16,8.06,67.06,18.79,10.54,70.72,9.23,9.52,0,2.38,0.06,0.03,17.32,226.98,1.17,4.01
DEF14770,31.06,26.76,8.6,46.98,16.87,45.37,35.51,19.13,0,0,2.15,0.11,0.02,17.83,230.67,1.17,4.01
DEF14820,121.4,40.67,17.72,46.17,31.48,5.96,81.85,9.69,1.85,0.65,1.95,0.08,0.03,16,222.88,1.17,4.01
DEF14840,35.22,37.01,8.97,69.44,17.66,7.3,82.55,10.15,0,0,2.66,0.11,0.03,16.54,219.93,1.17,4.01
DEF14890,202.74,32.95,11.44,60.03,25.82,3.26,86.41,9.15,0.32,0.87,2.32,0.09,0.03,17.29,226.58,1.17,4.01
DEF14940,524.21,30.92,7.47,68.74,15.92,10.56,75.06,12.95,0.89,0.54,2.38,0.07,0.03,16.29,223.47,1.17,4.01
DEF14990,106.05,45.82,14.6,56.94,24.91,5.65,78.25,16.1,0,0,2.03,0.09,0.03,17.83,236.99,1.17,4.01
DEF15060,142.33,35.41,8.39,65.98,19.21,11.35,76.61,11.27,0.59,0.18,2.3,0.06,0.03,17.23,226.64,1.17,4.01
DEF15070,56.46,36.26,14.43,55.69,27.58,2.56,89.48,7.97,0,0,2.01,0.13,0.04,16.17,221.38,1.17,4.01
DEF15080,30.77,33.26,15.79,56,26.84,1.01,92.78,6.21,0,0,2,0.08,0.03,17.14,233.81,1.17,4.01
DEG10000,184.39,368.94,29.69,18.22,48.95,6.17,79.65,14.18,0,0,2,0.08,0.08,17.04,234.61,1.17,4.01
DEG10010,272.52,356.33,27.15,22.2,45.84,6.89,64.95,28.15,0,0,1.94,0.12,0.07,16.9,233.99,1.17,4.01
DEG10020,175,557.91,26.33,23.69,46.91,5.82,27.66,66.52,0,0,2.46,0.04,0.12,15.74,219.83,1.17,4.01
DEG10050,104.07,348.73,27.71,19.24,47.64,7.93,59.76,32.3,0,0,2,0.08,0.08,17,232.39,1.17,4.01
DEG10060,1772.67,490.8,28.12,23.59,44.38,7.19,38.75,53.93,0,0.13,2.3,0.02,0.1,14.86,215.75,1.17,4.01
DEG10080,220.14,499.7,29.9,23.46,42.71,6.53,46.7,46.77,0,0,2.4,0,0.09,16.93,225.66,1.17,4.01
DEG10090,163.08,387.26,29.32,20.04,47.32,3.74,73.25,22.44,0,0.56,1.69,0.31,0.08,17,244.49,1.17,4.01
DEG10100,399.17,311.8,28.31,16.2,49.38,8.9,78.5,12.39,0,0.2,1.64,0.26,0.07,16.99,245.97,1.17,4.01
DEG10110,330.31,415.02,27.27,20.25,47.33,9.46,46,44.44,0,0.09,2.13,0.11,0.08,15.68,227.35,1.17,4.01
DEG10120,136.92,394.25,23.24,26.53,45.81,4.28,64.24,31.26,0,0.23,1.81,0.3,0.09,16.38,231.78,1.17,4.01
DEG10130,51.86,631.9,27.68,23.56,45.84,5.22,31.28,63.5,0,0,2.82,-0.07,0.16,15.14,200.18,1.17,4.01
DEG10140,321.53,550.16,26.75,22.96,44.38,13.27,24.25,62.48,0,0,2.54,0.03,0.13,15.07,212.28,1.17,4.01
DEG10150,846.94,443.23,27.28,19.78,47.54,7.8,49.07,42.71,0,0.41,2.02,0.15,0.09,15.51,228.44,1.17,4.01
DEG10160,4217.96,424.86,27.85,22.44,45.56,7.06,49.28,43.54,0.01,0.11,2.1,0.1,0.08,14.36,218.15,1.17,4.01
DEG10170,255.84,350.79,23.01,24.69,46.09,8.11,61.98,29.91,0,0,1.7,0.37,0.08,17.58,245.38,1.17,4.01
DEG10200,82.85,616.02,26.26,23.06,47.46,3.96,5.79,89.27,0,0.98,2.73,0.01,0.13,15.65,209.83,1.17,4.01
DEG10220,18.39,695.31,26.08,23.07,50.22,2.34,2.57,95.09,0,0,3.13,-0.09,0.17,15.59,208.33,1.17,4.01
DEG10230,3044.87,456.62,27.77,23.77,44.6,6.72,45.97,47.18,0.01,0.12,2.18,0.08,0.09,14.33,216.74,1.17,4.01
DEG10240,292.91,316.84,21.89,20.54,44.53,16.11,72.6,11.14,0,0.15,1.82,0.33,0.07,17.25,242.36,1.17,4.01
DEG10250,162.85,633.61,24.85,23.57,45.43,10.27,17.26,72.31,0,0.16,2.64,-0.01,0.16,15.72,213.12,1.17,4.01
DEG10270,154.03,283.27,24.3,20.81,47.29,8.33,88.79,2.87,0,0,1.73,0.3,0.07,17.24,248.63,1.17,4.01
DEG10280,524.27,325.82,27.52,19.51,47.69,8.35,56.69,34.88,0,0.08,1.8,0.1,0.08,16.81,236.51,1.17,4.01
DEG10290,139.25,380.05,27.92,19.84,46.38,8.92,63.9,27.18,0,0,1.99,0.11,0.07,15.64,212.88,1.17,4.01
DEG10300,36.56,672.77,27.73,23.51,46.65,5.9,15.23,78.87,0,0,2.98,-0.07,0.17,16.22,210.36,1.17,4.01
DEG10310,62.71,516.82,29.74,21.21,48.85,0.75,1.78,97.47,0,0,2.38,-0.07,0.13,16.46,222.61,1.17,4.01
DEG10320,375.4,451.11,27.1,19.09,48.31,8.11,44.35,46.92,0,0.62,2.08,0.12,0.09,15.9,228.06,1.17,4.01
DEG10330,123.15,686.83,26.31,23.93,47.73,3.27,8.61,86.83,0,1.28,3.02,-0.09,0.19,16.88,211.45,1.17,4.01
DEG10350,362.42,562.85,26.32,25.77,46.58,2.45,32.41,65.14,0,0,2.27,0.11,0.13,16.1,222.36,1.17,4.01
DEG10360,101.98,460.85,21.71,28.52,47.16,2.5,71.19,26.31,0,0,1.84,0.26,0.1,17.56,241.78,1.17,4.01
DEG10370,1166.07,510.01,28.39,23.52,44.09,7.52,36.7,55.6,0,0.17,2.37,0.03,0.11,15,215.21,1.17,4.01
DEG10380,629.9,455.04,26.87,21.68,47.64,5.67,50.62,43.59,0,0.11,1.98,0.19,0.1,15.35,227.22,1.17,4.01
DEG10390,152.46,512.55,26.88,23.02,45.29,9.08,27.71,63.21,0,0,2.4,0.1,0.11,15.49,219.59,1.17,4.01
DEG10400,157.26,510.05,20.75,28.63,45.99,4.61,62.1,32.87,0,0.41,1.88,0.29,0.11,16.96,237.63,1.17,4.01
DEG10410,134.59,620.89,25.29,24.58,45.41,10.52,20.07,69.4,0,0,3,-0.13,0.13,17.25,216.14,1.17,4.01
DEG10420,710.01,297.21,27.98,17.8,48.84,7.91,72.53,19.4,0,0.16,1.74,0.16,0.07,16.75,239.71,1.17,4.01
DEG10430,896.09,396.12,26.4,20.13,47.46,8.44,59.41,32.07,0,0.08,1.86,0.23,0.09,15.51,230.9,1.17,4.01
DEG10440,301.99,404.65,29.33,22.86,44.3,7.02,27.17,65.81,0,0,2.46,-0.08,0.1,16.23,219.11,1.17,4.01
DEG10450,4173.87,301.52,27.08,17.25,49.51,7.72,70.49,21.43,0.01,0.35,1.69,0.22,0.07,15.71,236.03,1.17,4.01
DEG10460,83.66,601.18,25.27,25.71,47.48,3.29,26.57,70.13,0,0,2.55,0.02,0.12,16.59,220.07,1.17,4.01
DEG10470,254.59,603.55,28,23.13,45.86,5.27,22.36,71.57,0,0.79,2.75,-0.05,0.15,16.04,213.34,1.17,4.01
DEG10510,113.63,610.79,28.26,22.83,46,6.84,18.67,74.49,0,0,2.8,-0.08,0.15,16.16,212.37,1.17,4.01
DEG10520,341.03,633.16,26.83,24.48,46.68,4.06,21.46,73.64,0,0.84,2.69,-0.04,0.14,15.78,216.43,1.17,4.01
DEG10530,37.62,743.67,24.88,24.04,47.75,9.51,8.14,82.35,0,0,3.3,-0.13,0.2,17.49,211.67,1.17,4.01
DEG10540,2041.68,341.24,27.03,17.61,48.64,8.8,64.5,26.22,0.02,0.45,1.79,0.17,0.07,15.58,231.83,1.17,4.01
DEG10550,41.35,661.11,24.5,20.89,42.42,27.03,4.23,68.73,0,0,2.93,-0.02,0.17,15.26,209.99,1.17,4.01
DEG10560,199.87,256.54,27.23,25.6,42.41,5.81,78.2,15.83,0,0.16,1.85,0.05,0.06,16.6,236.99,1.17,4.01
DEG10580,402.07,486.59,29.15,23.18,45.58,3.25,64.56,32.12,0.06,0,2.29,0.09,0.09,15.2,220.52,1.17,4.01
DEG10590,2245.18,473.41,27.87,23.54,44.47,7.25,41.22,51.38,0,0.15,2.21,0.06,0.1,14.65,216.96,1.17,4.01
DEG10600,372.43,350.21,29.92,16.77,51.33,3.34,76.95,19.71,0,0,1.62,0.15,0.08,17.31,245.11,1.17,4.01
DEG10610,297.07,416.58,21.9,26.99,45.4,5.22,63.47,29.96,0,1.35,1.8,0.31,0.09,17.32,242.87,1.17,4.01
DEG10620,325.35,341.37,27.92,20.15,46.24,8.57,63.54,27.76,0,0.13,1.94,0.1,0.08,16.32,229.77,1.17,4.01
